{"type":"FeatureCollection","features":[{"type":"Feature","id":"qg_2021_070_areasudene.fid-b14a33a_1a0649d18bf_-5355","geometry":null,"properties":{"cd_recorte":"07013100500","cd_sudene":"1","nm_sudene":"Área de atuação da SUDENE","cd_mun":"3100500","nm_mun":"Açucena"},"bbox":[-19.22744,-42.664,-18.924206,-42.205552]},{"type":"Feature","id":"qg_2021_070_areasudene.fid-b14a33a_1a0649d18bf_-5354","geometry":null,"properties":{"cd_recorte":"07013100609","cd_sudene":"1","nm_sudene":"Área de atuação da SUDENE","cd_mun":"3100609","nm_mun":"Água Boa"},"bbox":[-18.261421,-42.49006,-17.766405,-42.045112]},{"type":"Feature","id":"qg_2021_070_areasudene.fid-b14a33a_1a0649d18bf_-5353","geometry":null,"properties":{"cd_recorte":"07013100906","cd_sudene":"1","nm_sudene":"Área de atuação da SUDENE","cd_mun":"3100906","nm_mun":"Águas Formosas"},"bbox":[-17.174661,-41.197225,-16.898697,-40.768975]},{"type":"Feature","id":"qg_2021_070_areasudene.fid-b14a33a_1a0649d18bf_-5352","geometry":null,"properties":{"cd_recorte":"07013101003","cd_sudene":"1","nm_sudene":"Área de atuação da SUDENE","cd_mun":"3101003","nm_mun":"Águas Vermelhas"},"bbox":[-15.966073,-41.747946,-15.481467,-41.34216518]},{"type":"Feature","id":"qg_2021_070_areasudene.fid-b14a33a_1a0649d18bf_-5350","geometry":null,"properties":{"cd_recorte":"07013101102","cd_sudene":"1","nm_sudene":"Área de atuação da SUDENE","cd_mun":"3101102","nm_mun":"Aimorés"},"bbox":[-19.94243859,-41.432073,-19.377,-40.94469341]},{"type":"Feature","id":"qg_2021_070_areasudene.fid-b14a33a_1a0649d18bf_-534f","geometry":null,"properties":{"cd_recorte":"07013101706","cd_sudene":"1","nm_sudene":"Área de atuação da SUDENE","cd_mun":"3101706","nm_mun":"Almenara"},"bbox":[-16.454294,-41.01149,-15.806559,-40.414637]},{"type":"Feature","id":"qg_2021_070_areasudene.fid-b14a33a_1a0649d18bf_-534e","geometry":null,"properties":{"cd_recorte":"07013101805","cd_sudene":"1","nm_sudene":"Área de atuação da SUDENE","cd_mun":"3101805","nm_mun":"Alpercata"},"bbox":[-19.071583,-42.126619,-18.923106,-41.892177]},{"type":"Feature","id":"qg_2021_070_areasudene.fid-b14a33a_1a0649d18bf_-534d","geometry":null,"properties":{"cd_recorte":"07013102209","cd_sudene":"1","nm_sudene":"Área de atuação da SUDENE","cd_mun":"3102209","nm_mun":"Alvarenga"},"bbox":[-19.508499,-41.835402,-19.332305,-41.560919]},{"type":"Feature","id":"qg_2021_070_areasudene.fid-b14a33a_1a0649d18bf_-534c","geometry":null,"properties":{"cd_recorte":"07013102704","cd_sudene":"1","nm_sudene":"Área de atuação da SUDENE","cd_mun":"3102704","nm_mun":"Cachoeira de Pajeú"},"bbox":[-16.110904,-41.719756,-15.812214,-41.274469]},{"type":"Feature","id":"qg_2021_070_areasudene.fid-b14a33a_1a0649d18bf_-534b","geometry":null,"properties":{"cd_recorte":"07013102852","cd_sudene":"1","nm_sudene":"Área de atuação da SUDENE","cd_mun":"3102852","nm_mun":"Angelândia"},"bbox":[-17.790045,-42.375932,-17.594711,-42.212265]},{"type":"Feature","id":"qg_2021_070_areasudene.fid-b14a33a_1a0649d18bf_-534a","geometry":null,"properties":{"cd_recorte":"07013103405","cd_sudene":"1","nm_sudene":"Área de atuação da SUDENE","cd_mun":"3103405","nm_mun":"Araçuaí"},"bbox":[-17.212798,-42.256819,-16.578077,-41.627414]},{"type":"Feature","id":"qg_2021_070_areasudene.fid-b14a33a_1a0649d18bf_-5349","geometry":null,"properties":{"cd_recorte":"07013104452","cd_sudene":"1","nm_sudene":"Área de atuação da SUDENE","cd_mun":"3104452","nm_mun":"Aricanduva"},"bbox":[-17.992552,-42.696915,-17.716169,-42.486613]},{"type":"Feature","id":"qg_2021_070_areasudene.fid-b14a33a_1a0649d18bf_-5348","geometry":null,"properties":{"cd_recorte":"07013104502","cd_sudene":"1","nm_sudene":"Área de atuação da SUDENE","cd_mun":"3104502","nm_mun":"Arinos"},"bbox":[-16.245226,-46.457705,-15.363149,-45.559661]},{"type":"Feature","id":"qg_2021_070_areasudene.fid-b14a33a_1a0649d18bf_-5347","geometry":null,"properties":{"cd_recorte":"07013104700","cd_sudene":"1","nm_sudene":"Área de atuação da SUDENE","cd_mun":"3104700","nm_mun":"Ataléia"},"bbox":[-18.502476,-41.440572,-17.929238,-40.7702269]},{"type":"Feature","id":"qg_2021_070_areasudene.fid-b14a33a_1a0649d18bf_-5346","geometry":null,"properties":{"cd_recorte":"07013105202","cd_sudene":"1","nm_sudene":"Área de atuação da SUDENE","cd_mun":"3105202","nm_mun":"Bandeira"},"bbox":[-16.012058,-40.732689,-15.71571267,-40.418963]},{"type":"Feature","id":"qg_2021_070_areasudene.fid-b14a33a_1a0649d18bf_-5344","geometry":null,"properties":{"cd_recorte":"07013106507","cd_sudene":"1","nm_sudene":"Área de atuação da SUDENE","cd_mun":"3106507","nm_mun":"Berilo"},"bbox":[-17.094405,-42.645233,-16.669405,-42.364587]},{"type":"Feature","id":"qg_2021_070_areasudene.fid-b14a33a_1a0649d18bf_-5343","geometry":null,"properties":{"cd_recorte":"07013106606","cd_sudene":"1","nm_sudene":"Área de atuação da SUDENE","cd_mun":"3106606","nm_mun":"Bertópolis"},"bbox":[-17.186525,-40.665176,-16.781811,-40.43362343]},{"type":"Feature","id":"qg_2021_070_areasudene.fid-b14a33a_1a0649d18bf_-5342","geometry":null,"properties":{"cd_recorte":"07013106655","cd_sudene":"1","nm_sudene":"Área de atuação da SUDENE","cd_mun":"3106655","nm_mun":"Berizal"},"bbox":[-15.808727,-41.916535,-15.587165,-41.593111]},{"type":"Feature","id":"qg_2021_070_areasudene.fid-b14a33a_1a0649d18bf_-5341","geometry":null,"properties":{"cd_recorte":"07013107307","cd_sudene":"1","nm_sudene":"Área de atuação da SUDENE","cd_mun":"3107307","nm_mun":"Bocaiúva"},"bbox":[-17.925237,-44.111554,-16.850993,-43.067355]},{"type":"Feature","id":"qg_2021_070_areasudene.fid-b14a33a_1a0649d18bf_-5340","geometry":null,"properties":{"cd_recorte":"07013108206","cd_sudene":"1","nm_sudene":"Área de atuação da SUDENE","cd_mun":"3108206","nm_mun":"Bonfinópolis de Minas"},"bbox":[-16.782346,-46.513516,-16.262655,-45.892893]},{"type":"Feature","id":"qg_2021_070_areasudene.fid-b14a33a_1a0649d18bf_-533f","geometry":null,"properties":{"cd_recorte":"07013108255","cd_sudene":"1","nm_sudene":"Área de atuação da SUDENE","cd_mun":"3108255","nm_mun":"Bonito de Minas"},"bbox":[-15.48578,-45.30565956,-14.46328376,-44.624609]},{"type":"Feature","id":"qg_2021_070_areasudene.fid-b14a33a_1a0649d18bf_-533e","geometry":null,"properties":{"cd_recorte":"07013108503","cd_sudene":"1","nm_sudene":"Área de atuação da SUDENE","cd_mun":"3108503","nm_mun":"Botumirim"},"bbox":[-17.224865,-43.206987,-16.677469,-42.729371]},{"type":"Feature","id":"qg_2021_070_areasudene.fid-b14a33a_1a0649d18bf_-533d","geometry":null,"properties":{"cd_recorte":"07013108602","cd_sudene":"1","nm_sudene":"Área de atuação da SUDENE","cd_mun":"3108602","nm_mun":"Brasília de Minas"},"bbox":[-16.504358,-44.704204,-15.973179,-44.226001]},{"type":"Feature","id":"qg_2021_070_areasudene.fid-b14a33a_1a0649d18bf_-533c","geometry":null,"properties":{"cd_recorte":"07013108800","cd_sudene":"1","nm_sudene":"Área de atuação da SUDENE","cd_mun":"3108800","nm_mun":"Braúnas"},"bbox":[-19.168003,-42.809769,-18.895542,-42.585631]},{"type":"Feature","id":"qg_2021_070_areasudene.fid-b14a33a_1a0649d18bf_-533b","geometry":null,"properties":{"cd_recorte":"07013109402","cd_sudene":"1","nm_sudene":"Área de atuação da SUDENE","cd_mun":"3109402","nm_mun":"Buritizeiro"},"bbox":[-17.995194,-45.562161,-16.565413,-44.7895]},{"type":"Feature","id":"qg_2021_070_areasudene.fid-b14a33a_1a0649d18bf_-533a","geometry":null,"properties":{"cd_recorte":"07013110806","cd_sudene":"1","nm_sudene":"Área de atuação da SUDENE","cd_mun":"3110806","nm_mun":"Campanário"},"bbox":[-18.422063,-41.881594,-18.140646,-41.579009]},{"type":"Feature","id":"qg_2021_070_areasudene.fid-b14a33a_1a0649d18bf_-5339","geometry":null,"properties":{"cd_recorte":"07013111150","cd_sudene":"1","nm_sudene":"Área de atuação da SUDENE","cd_mun":"3111150","nm_mun":"Campo Azul"},"bbox":[-16.651768,-44.973198,-16.381194,-44.585708]},{"type":"Feature","id":"qg_2021_070_areasudene.fid-b14a33a_1a0649d18bf_-5338","geometry":null,"properties":{"cd_recorte":"07013112059","cd_sudene":"1","nm_sudene":"Área de atuação da SUDENE","cd_mun":"3112059","nm_mun":"Cantagalo"},"bbox":[-18.602402,-42.708237,-18.416508,-42.595367]},{"type":"Feature","id":"qg_2021_070_areasudene.fid-b14a33a_1a0649d18bf_-5337","geometry":null,"properties":{"cd_recorte":"07013112307","cd_sudene":"1","nm_sudene":"Área de atuação da SUDENE","cd_mun":"3112307","nm_mun":"Capelinha"},"bbox":[-17.929717,-42.697347,-17.475782,-42.27625]},{"type":"Feature","id":"qg_2021_070_areasudene.fid-b14a33a_1a0649d18bf_-5336","geometry":null,"properties":{"cd_recorte":"07013112653","cd_sudene":"1","nm_sudene":"Área de atuação da SUDENE","cd_mun":"3112653","nm_mun":"Capitão Andrade"},"bbox":[-19.127639,-41.949653,-18.973088,-41.683277]},{"type":"Feature","id":"qg_2021_070_areasudene.fid-b14a33a_1a0649d18bf_-5335","geometry":null,"properties":{"cd_recorte":"07013112703","cd_sudene":"1","nm_sudene":"Área de atuação da SUDENE","cd_mun":"3112703","nm_mun":"Capitão Enéas"},"bbox":[-16.416414,-43.801731,-15.781803,-43.521401]},{"type":"Feature","id":"qg_2021_070_areasudene.fid-b14a33a_1a0649d18bf_-5334","geometry":null,"properties":{"cd_recorte":"07013113008","cd_sudene":"1","nm_sudene":"Área de atuação da SUDENE","cd_mun":"3113008","nm_mun":"Caraí"},"bbox":[-17.35607,-41.87013,-16.970241,-41.315651]},{"type":"Feature","id":"qg_2021_070_areasudene.fid-b14a33a_1a0649d18bf_-5333","geometry":null,"properties":{"cd_recorte":"07013113503","cd_sudene":"1","nm_sudene":"Área de atuação da SUDENE","cd_mun":"3113503","nm_mun":"Carbonita"},"bbox":[-17.772018,-43.234795,-17.252838,-42.837375]},{"type":"Feature","id":"qg_2021_070_areasudene.fid-b14a33a_1a0649d18bf_-5332","geometry":null,"properties":{"cd_recorte":"07013113701","cd_sudene":"1","nm_sudene":"Área de atuação da SUDENE","cd_mun":"3113701","nm_mun":"Carlos Chagas"},"bbox":[-18.007116,-41.216029,-17.328778,-40.487263]},{"type":"Feature","id":"qg_2021_070_areasudene.fid-b14a33a_1a0649d18bf_-5331","geometry":null,"properties":{"cd_recorte":"07013113800","cd_sudene":"1","nm_sudene":"Área de atuação da SUDENE","cd_mun":"3113800","nm_mun":"Carmésia"},"bbox":[-19.140515,-43.294984,-18.970838,-43.078124]},{"type":"Feature","id":"qg_2021_070_areasudene.fid-b14a33a_1a0649d18bf_-5330","geometry":null,"properties":{"cd_recorte":"07013115458","cd_sudene":"1","nm_sudene":"Área de atuação da SUDENE","cd_mun":"3115458","nm_mun":"Catuji"},"bbox":[-17.499316,-41.656076,-17.232506,-41.347323]},{"type":"Feature","id":"qg_2021_070_areasudene.fid-b14a33a_1a0649d18bf_-532f","geometry":null,"properties":{"cd_recorte":"07013115474","cd_sudene":"1","nm_sudene":"Área de atuação da SUDENE","cd_mun":"3115474","nm_mun":"Catuti"},"bbox":[-15.449665,-43.246986,-15.23253,-42.938548]},{"type":"Feature","id":"qg_2021_070_areasudene.fid-b14a33a_1a0649d18bf_-532e","geometry":null,"properties":{"cd_recorte":"07013115706","cd_sudene":"1","nm_sudene":"Área de atuação da SUDENE","cd_mun":"3115706","nm_mun":"Central de Minas"},"bbox":[-18.868003,-41.395911,-18.68317177,-41.20026078]},{"type":"Feature","id":"qg_2021_070_areasudene.fid-b14a33a_1a0649d18bf_-532d","geometry":null,"properties":{"cd_recorte":"07013116100","cd_sudene":"1","nm_sudene":"Área de atuação da SUDENE","cd_mun":"3116100","nm_mun":"Chapada do Norte"},"bbox":[-17.366937,-42.681577,-16.94594,-42.096528]},{"type":"Feature","id":"qg_2021_070_areasudene.fid-b14a33a_1a0649d18bf_-532c","geometry":null,"properties":{"cd_recorte":"07013116159","cd_sudene":"1","nm_sudene":"Área de atuação da SUDENE","cd_mun":"3116159","nm_mun":"Chapada Gaúcha"},"bbox":[-15.900394,-45.818256,-15.0141216,-45.094192]},{"type":"Feature","id":"qg_2021_070_areasudene.fid-b14a33a_1a0649d18bf_-532b","geometry":null,"properties":{"cd_recorte":"07013116506","cd_sudene":"1","nm_sudene":"Área de atuação da SUDENE","cd_mun":"3116506","nm_mun":"Claro dos Poções"},"bbox":[-17.295744,-44.350579,-16.817917,-44.098992]},{"type":"Feature","id":"qg_2021_070_areasudene.fid-b14a33a_1a0649d18bf_-532a","geometry":null,"properties":{"cd_recorte":"07013116803","cd_sudene":"1","nm_sudene":"Área de atuação da SUDENE","cd_mun":"3116803","nm_mun":"Coluna"},"bbox":[-18.379804,-42.945753,-18.093388,-42.722999]},{"type":"Feature","id":"qg_2021_070_areasudene.fid-b14a33a_1a0649d18bf_-5329","geometry":null,"properties":{"cd_recorte":"07013117009","cd_sudene":"1","nm_sudene":"Área de atuação da SUDENE","cd_mun":"3117009","nm_mun":"Comercinho"},"bbox":[-16.42556,-41.932505,-16.149464,-41.610603]},{"type":"Feature","id":"qg_2021_070_areasudene.fid-b14a33a_1a0649d18bf_-5328","geometry":null,"properties":{"cd_recorte":"07013117836","cd_sudene":"1","nm_sudene":"Área de atuação da SUDENE","cd_mun":"3117836","nm_mun":"Cônego Marinho"},"bbox":[-15.46151793,-44.823739,-14.619617,-44.336291]},{"type":"Feature","id":"qg_2021_070_areasudene.fid-b14a33a_1a0649d18bf_-5326","geometry":null,"properties":{"cd_recorte":"07013118403","cd_sudene":"1","nm_sudene":"Área de atuação da SUDENE","cd_mun":"3118403","nm_mun":"Conselheiro Pena"},"bbox":[-19.493527,-41.703974,-18.85377914,-41.129747]},{"type":"Feature","id":"qg_2021_070_areasudene.fid-b14a33a_1a0649d18bf_-5325","geometry":null,"properties":{"cd_recorte":"07013118809","cd_sudene":"1","nm_sudene":"Área de atuação da SUDENE","cd_mun":"3118809","nm_mun":"Coração de Jesus"},"bbox":[-16.881829,-44.853843,-16.34973,-43.968766]},{"type":"Feature","id":"qg_2021_070_areasudene.fid-b14a33a_1a0649d18bf_-5324","geometry":null,"properties":{"cd_recorte":"07013119203","cd_sudene":"1","nm_sudene":"Área de atuação da SUDENE","cd_mun":"3119203","nm_mun":"Coroaci"},"bbox":[-18.744254,-42.457902,-18.512574,-42.049058]},{"type":"Feature","id":"qg_2021_070_areasudene.fid-b14a33a_1a0649d18bf_-5323","geometry":null,"properties":{"cd_recorte":"07013119500","cd_sudene":"1","nm_sudene":"Área de atuação da SUDENE","cd_mun":"3119500","nm_mun":"Coronel Murta"},"bbox":[-16.767859,-42.385742,-16.437088,-42.019321]},{"type":"Feature","id":"qg_2021_070_areasudene.fid-b14a33a_1a0649d18bf_-5322","geometry":null,"properties":{"cd_recorte":"07013120102","cd_sudene":"1","nm_sudene":"Área de atuação da SUDENE","cd_mun":"3120102","nm_mun":"Couto de Magalhães de Minas"},"bbox":[-18.326343,-43.561833,-17.827031,-43.258265]},{"type":"Feature","id":"qg_2021_070_areasudene.fid-b14a33a_1a0649d18bf_-5321","geometry":null,"properties":{"cd_recorte":"07013120151","cd_sudene":"1","nm_sudene":"Área de atuação da SUDENE","cd_mun":"3120151","nm_mun":"Crisólita"},"bbox":[-17.377342,-41.208638,-17.1076,-40.746294]},{"type":"Feature","id":"qg_2021_070_areasudene.fid-b14a33a_1a0649d18bf_-5320","geometry":null,"properties":{"cd_recorte":"07013120300","cd_sudene":"1","nm_sudene":"Área de atuação da SUDENE","cd_mun":"3120300","nm_mun":"Cristália"},"bbox":[-16.874065,-43.00424,-16.543136,-42.600507]},{"type":"Feature","id":"qg_2021_070_areasudene.fid-b14a33a_1a0649d18bf_-531f","geometry":null,"properties":{"cd_recorte":"07013120839","cd_sudene":"1","nm_sudene":"Área de atuação da SUDENE","cd_mun":"3120839","nm_mun":"Cuparaque"},"bbox":[-19.087693,-41.237804,-18.89060589,-41.01682656]},{"type":"Feature","id":"qg_2021_070_areasudene.fid-b14a33a_1a0649d18bf_-531e","geometry":null,"properties":{"cd_recorte":"07013120870","cd_sudene":"1","nm_sudene":"Área de atuação da SUDENE","cd_mun":"3120870","nm_mun":"Curral de Dentro"},"bbox":[-15.97852,-41.916983,-15.735992,-41.582359]},{"type":"Feature","id":"qg_2021_070_areasudene.fid-b14a33a_1a0649d18bf_-531d","geometry":null,"properties":{"cd_recorte":"07013121001","cd_sudene":"1","nm_sudene":"Área de atuação da SUDENE","cd_mun":"3121001","nm_mun":"Datas"},"bbox":[-18.65475,-43.736468,-18.299741,-43.570394]},{"type":"Feature","id":"qg_2021_070_areasudene.fid-b14a33a_1a0649d18bf_-531c","geometry":null,"properties":{"cd_recorte":"07013121605","cd_sudene":"1","nm_sudene":"Área de atuação da SUDENE","cd_mun":"3121605","nm_mun":"Diamantina"},"bbox":[-18.446592,-44.088354,-17.378862,-43.217604]},{"type":"Feature","id":"qg_2021_070_areasudene.fid-b14a33a_1a0649d18bf_-531b","geometry":null,"properties":{"cd_recorte":"07013122108","cd_sudene":"1","nm_sudene":"Área de atuação da SUDENE","cd_mun":"3122108","nm_mun":"Divino das Laranjeiras"},"bbox":[-18.818273,-41.596189,-18.581512,-41.373959]},{"type":"Feature","id":"qg_2021_070_areasudene.fid-b14a33a_1a0649d18bf_-531a","geometry":null,"properties":{"cd_recorte":"07013122207","cd_sudene":"1","nm_sudene":"Área de atuação da SUDENE","cd_mun":"3122207","nm_mun":"Divinolândia de Minas"},"bbox":[-18.876528,-42.641946,-18.724212,-42.474475]},{"type":"Feature","id":"qg_2021_070_areasudene.fid-b14a33a_1a0649d18bf_-5319","geometry":null,"properties":{"cd_recorte":"07013122355","cd_sudene":"1","nm_sudene":"Área de atuação da SUDENE","cd_mun":"3122355","nm_mun":"Divisa Alegre"},"bbox":[-15.801227,-41.428556,-15.623417,-41.327265]},{"type":"Feature","id":"qg_2021_070_areasudene.fid-b14a33a_1a0649d18bf_-5318","geometry":null,"properties":{"cd_recorte":"07013122454","cd_sudene":"1","nm_sudene":"Área de atuação da SUDENE","cd_mun":"3122454","nm_mun":"Divisópolis"},"bbox":[-15.895195,-41.151359,-15.64600705,-40.715043]},{"type":"Feature","id":"qg_2021_070_areasudene.fid-b14a33a_1a0649d18bf_-5317","geometry":null,"properties":{"cd_recorte":"07013122470","cd_sudene":"1","nm_sudene":"Área de atuação da SUDENE","cd_mun":"3122470","nm_mun":"Dom Bosco"},"bbox":[-16.940995,-46.471653,-16.54475,-46.138621]},{"type":"Feature","id":"qg_2021_070_areasudene.fid-b14a33a_1a0649d18bf_-5316","geometry":null,"properties":{"cd_recorte":"07013123106","cd_sudene":"1","nm_sudene":"Área de atuação da SUDENE","cd_mun":"3123106","nm_mun":"Dores de Guanhães"},"bbox":[-19.160937,-43.091098,-18.907266,-42.747353]},{"type":"Feature","id":"qg_2021_070_areasudene.fid-b14a33a_1a0649d18bf_-5315","geometry":null,"properties":{"cd_recorte":"07013123700","cd_sudene":"1","nm_sudene":"Área de atuação da SUDENE","cd_mun":"3123700","nm_mun":"Engenheiro Caldas"},"bbox":[-19.253513,-42.116669,-18.985728,-41.934654]},{"type":"Feature","id":"qg_2021_070_areasudene.fid-b14a33a_1a0649d18bf_-5314","geometry":null,"properties":{"cd_recorte":"07013123809","cd_sudene":"1","nm_sudene":"Área de atuação da SUDENE","cd_mun":"3123809","nm_mun":"Engenheiro Navarro"},"bbox":[-17.449689,-44.16122,-17.146229,-43.832948]},{"type":"Feature","id":"qg_2021_070_areasudene.fid-b14a33a_1a0649d18bf_-5313","geometry":null,"properties":{"cd_recorte":"07013124302","cd_sudene":"1","nm_sudene":"Área de atuação da SUDENE","cd_mun":"3124302","nm_mun":"Espinosa"},"bbox":[-15.159808,-43.48696428,-14.64953327,-42.51567562]},{"type":"Feature","id":"qg_2021_070_areasudene.fid-b14a33a_1a0649d18bf_-5312","geometry":null,"properties":{"cd_recorte":"07013125408","cd_sudene":"1","nm_sudene":"Área de atuação da SUDENE","cd_mun":"3125408","nm_mun":"Felício dos Santos"},"bbox":[-18.275395,-43.321171,-18.019381,-43.136836]},{"type":"Feature","id":"qg_2021_070_areasudene.fid-b14a33a_1a0649d18bf_-5311","geometry":null,"properties":{"cd_recorte":"07013125507","cd_sudene":"1","nm_sudene":"Área de atuação da SUDENE","cd_mun":"3125507","nm_mun":"São Gonçalo do Rio Preto"},"bbox":[-18.239679,-43.449746,-17.937227,-43.280209]},{"type":"Feature","id":"qg_2021_070_areasudene.fid-b14a33a_1a0649d18bf_-5310","geometry":null,"properties":{"cd_recorte":"07013125606","cd_sudene":"1","nm_sudene":"Área de atuação da SUDENE","cd_mun":"3125606","nm_mun":"Felisburgo"},"bbox":[-16.843863,-40.891042,-16.48116,-40.579063]},{"type":"Feature","id":"qg_2021_070_areasudene.fid-b14a33a_1a0649d18bf_-530f","geometry":null,"properties":{"cd_recorte":"07013125804","cd_sudene":"1","nm_sudene":"Área de atuação da SUDENE","cd_mun":"3125804","nm_mun":"Fernandes Tourinho"},"bbox":[-19.189819,-42.177787,-19.023905,-42.023327]},{"type":"Feature","id":"qg_2021_070_areasudene.fid-b14a33a_1a0649d18bf_-530e","geometry":null,"properties":{"cd_recorte":"07013126208","cd_sudene":"1","nm_sudene":"Área de atuação da SUDENE","cd_mun":"3126208","nm_mun":"Formoso"},"bbox":[-15.441691,-46.56628178,-14.7030259,-45.593695]},{"type":"Feature","id":"qg_2021_070_areasudene.fid-b14a33a_1a0649d18bf_-530d","geometry":null,"properties":{"cd_recorte":"07013126505","cd_sudene":"1","nm_sudene":"Área de atuação da SUDENE","cd_mun":"3126505","nm_mun":"Francisco Badaró"},"bbox":[-17.119039,-42.431148,-16.854679,-42.153544]},{"type":"Feature","id":"qg_2021_070_areasudene.fid-b14a33a_1a0649d18bf_-530c","geometry":null,"properties":{"cd_recorte":"07013126604","cd_sudene":"1","nm_sudene":"Área de atuação da SUDENE","cd_mun":"3126604","nm_mun":"Francisco Dumont"},"bbox":[-17.706592,-44.470464,-17.161771,-44.077628]},{"type":"Feature","id":"qg_2021_070_areasudene.fid-b14a33a_1a0649d18bf_-530b","geometry":null,"properties":{"cd_recorte":"07013126703","cd_sudene":"1","nm_sudene":"Área de atuação da SUDENE","cd_mun":"3126703","nm_mun":"Francisco Sá"},"bbox":[-16.815767,-43.761725,-16.07219,-43.131638]},{"type":"Feature","id":"qg_2021_070_areasudene.fid-b14a33a_1a0649d18bf_-530a","geometry":null,"properties":{"cd_recorte":"07013126752","cd_sudene":"1","nm_sudene":"Área de atuação da SUDENE","cd_mun":"3126752","nm_mun":"Franciscópolis"},"bbox":[-18.149059,-42.150304,-17.848157,-41.792536]},{"type":"Feature","id":"qg_2021_070_areasudene.fid-b14a33a_1a0649d18bf_-5309","geometry":null,"properties":{"cd_recorte":"07013126802","cd_sudene":"1","nm_sudene":"Área de atuação da SUDENE","cd_mun":"3126802","nm_mun":"Frei Gaspar"},"bbox":[-18.281809,-41.662031,-17.999596,-41.363602]},{"type":"Feature","id":"qg_2021_070_areasudene.fid-b14a33a_1a0649d18bf_-5308","geometry":null,"properties":{"cd_recorte":"07013126901","cd_sudene":"1","nm_sudene":"Área de atuação da SUDENE","cd_mun":"3126901","nm_mun":"Frei Inocêncio"},"bbox":[-18.666622,-42.048791,-18.377387,-41.692539]},{"type":"Feature","id":"qg_2021_070_areasudene.fid-b14a33a_1a0649d18bf_-5307","geometry":null,"properties":{"cd_recorte":"07013126950","cd_sudene":"1","nm_sudene":"Área de atuação da SUDENE","cd_mun":"3126950","nm_mun":"Frei Lagonegro"},"bbox":[-18.2139,-42.831124,-18.080409,-42.675065]},{"type":"Feature","id":"qg_2021_070_areasudene.fid-b14a33a_1a0649d18bf_-5306","geometry":null,"properties":{"cd_recorte":"07013127057","cd_sudene":"1","nm_sudene":"Área de atuação da SUDENE","cd_mun":"3127057","nm_mun":"Fronteira dos Vales"},"bbox":[-16.975617,-40.9663,-16.804644,-40.709077]},{"type":"Feature","id":"qg_2021_070_areasudene.fid-b14a33a_1a0649d18bf_-5305","geometry":null,"properties":{"cd_recorte":"07013127073","cd_sudene":"1","nm_sudene":"Área de atuação da SUDENE","cd_mun":"3127073","nm_mun":"Fruta de Leite"},"bbox":[-16.308038,-42.706124,-15.95157,-42.342052]},{"type":"Feature","id":"qg_2021_070_areasudene.fid-b14a33a_1a0649d18bf_-5304","geometry":null,"properties":{"cd_recorte":"07013127305","cd_sudene":"1","nm_sudene":"Área de atuação da SUDENE","cd_mun":"3127305","nm_mun":"Galiléia"},"bbox":[-19.037589,-41.713425,-18.742221,-41.341483]},{"type":"Feature","id":"qg_2021_070_areasudene.fid-b14a33a_1a0649d18bf_-5303","geometry":null,"properties":{"cd_recorte":"07013127339","cd_sudene":"1","nm_sudene":"Área de atuação da SUDENE","cd_mun":"3127339","nm_mun":"Gameleiras"},"bbox":[-15.18666,-43.539578,-14.776884,-42.983985]},{"type":"Feature","id":"qg_2021_070_areasudene.fid-b14a33a_1a0649d18bf_-5302","geometry":null,"properties":{"cd_recorte":"07013127354","cd_sudene":"1","nm_sudene":"Área de atuação da SUDENE","cd_mun":"3127354","nm_mun":"Glaucilândia"},"bbox":[-16.989394,-43.702114,-16.808783,-43.56674]},{"type":"Feature","id":"qg_2021_070_areasudene.fid-b14a33a_1a0649d18bf_-5301","geometry":null,"properties":{"cd_recorte":"07013127370","cd_sudene":"1","nm_sudene":"Área de atuação da SUDENE","cd_mun":"3127370","nm_mun":"Goiabeira"},"bbox":[-19.122565,-41.287826,-18.958992,-41.158325]},{"type":"Feature","id":"qg_2021_070_areasudene.fid-b14a33a_1a0649d18bf_-5300","geometry":null,"properties":{"cd_recorte":"07013127503","cd_sudene":"1","nm_sudene":"Área de atuação da SUDENE","cd_mun":"3127503","nm_mun":"Gonzaga"},"bbox":[-18.962724,-42.579186,-18.776735,-42.390499]},{"type":"Feature","id":"qg_2021_070_areasudene.fid-b14a33a_1a0649d18bf_-52ff","geometry":null,"properties":{"cd_recorte":"07013127701","cd_sudene":"1","nm_sudene":"Área de atuação da SUDENE","cd_mun":"3127701","nm_mun":"Governador Valadares"},"bbox":[-19.038403,-42.339695,-18.551465,-41.539734]},{"type":"Feature","id":"qg_2021_070_areasudene.fid-b14a33a_1a0649d18bf_-52fe","geometry":null,"properties":{"cd_recorte":"07013127800","cd_sudene":"1","nm_sudene":"Área de atuação da SUDENE","cd_mun":"3127800","nm_mun":"Grão Mogol"},"bbox":[-16.814689,-43.494605,-16.133092,-42.453997]},{"type":"Feature","id":"qg_2021_070_areasudene.fid-b14a33a_1a0649d18bf_-52fc","geometry":null,"properties":{"cd_recorte":"07013128006","cd_sudene":"1","nm_sudene":"Área de atuação da SUDENE","cd_mun":"3128006","nm_mun":"Guanhães"},"bbox":[-19.096763,-43.062563,-18.61497,-42.555435]},{"type":"Feature","id":"qg_2021_070_areasudene.fid-b14a33a_1a0649d18bf_-52fb","geometry":null,"properties":{"cd_recorte":"07013128253","cd_sudene":"1","nm_sudene":"Área de atuação da SUDENE","cd_mun":"3128253","nm_mun":"Guaraciama"},"bbox":[-17.208377,-43.71971,-16.927308,-43.488376]},{"type":"Feature","id":"qg_2021_070_areasudene.fid-b14a33a_1a0649d18bf_-52fa","geometry":null,"properties":{"cd_recorte":"07013129608","cd_sudene":"1","nm_sudene":"Área de atuação da SUDENE","cd_mun":"3129608","nm_mun":"Ibiaí"},"bbox":[-16.991811,-45.020297,-16.673635,-44.608273]},{"type":"Feature","id":"qg_2021_070_areasudene.fid-b14a33a_1a0649d18bf_-52f9","geometry":null,"properties":{"cd_recorte":"07013129657","cd_sudene":"1","nm_sudene":"Área de atuação da SUDENE","cd_mun":"3129657","nm_mun":"Ibiracatu"},"bbox":[-15.828578,-44.277946,-15.473487,-44.029391]},{"type":"Feature","id":"qg_2021_070_areasudene.fid-b14a33a_1a0649d18bf_-52f8","geometry":null,"properties":{"cd_recorte":"07013130051","cd_sudene":"1","nm_sudene":"Área de atuação da SUDENE","cd_mun":"3130051","nm_mun":"Icaraí de Minas"},"bbox":[-16.38445,-45.080231,-16.072673,-44.658772]},{"type":"Feature","id":"qg_2021_070_areasudene.fid-b14a33a_1a0649d18bf_-52f7","geometry":null,"properties":{"cd_recorte":"07013130556","cd_sudene":"1","nm_sudene":"Área de atuação da SUDENE","cd_mun":"3130556","nm_mun":"Imbé de Minas"},"bbox":[-19.734116,-42.053203,-19.537966,-41.88837]},{"type":"Feature","id":"qg_2021_070_areasudene.fid-b14a33a_1a0649d18bf_-52f6","geometry":null,"properties":{"cd_recorte":"07013130655","cd_sudene":"1","nm_sudene":"Área de atuação da SUDENE","cd_mun":"3130655","nm_mun":"Indaiabira"},"bbox":[-15.746311,-42.322653,-15.381332,-41.932201]},{"type":"Feature","id":"qg_2021_070_areasudene.fid-b14a33a_1a0649d18bf_-52f5","geometry":null,"properties":{"cd_recorte":"07013130903","cd_sudene":"1","nm_sudene":"Área de atuação da SUDENE","cd_mun":"3130903","nm_mun":"Inhapim"},"bbox":[-19.623705,-42.244186,-19.343556,-41.65189]},{"type":"Feature","id":"qg_2021_070_areasudene.fid-b14a33a_1a0649d18bf_-52f4","geometry":null,"properties":{"cd_recorte":"07013131802","cd_sudene":"1","nm_sudene":"Área de atuação da SUDENE","cd_mun":"3131802","nm_mun":"Itabirinha"},"bbox":[-18.660625,-41.320566,-18.442406,-41.158013]},{"type":"Feature","id":"qg_2021_070_areasudene.fid-b14a33a_1a0649d18bf_-52f3","geometry":null,"properties":{"cd_recorte":"07013132008","cd_sudene":"1","nm_sudene":"Área de atuação da SUDENE","cd_mun":"3132008","nm_mun":"Itacambira"},"bbox":[-17.180061,-43.567509,-16.641583,-43.119279]},{"type":"Feature","id":"qg_2021_070_areasudene.fid-b14a33a_1a0649d18bf_-52f2","geometry":null,"properties":{"cd_recorte":"07013132107","cd_sudene":"1","nm_sudene":"Área de atuação da SUDENE","cd_mun":"3132107","nm_mun":"Itacarambi"},"bbox":[-15.505195,-44.487186,-14.907094,-43.924827]},{"type":"Feature","id":"qg_2021_070_areasudene.fid-b14a33a_1a0649d18bf_-52f1","geometry":null,"properties":{"cd_recorte":"07013132305","cd_sudene":"1","nm_sudene":"Área de atuação da SUDENE","cd_mun":"3132305","nm_mun":"Itaipé"},"bbox":[-17.602131,-41.767837,-17.232892,-41.564511]},{"type":"Feature","id":"qg_2021_070_areasudene.fid-b14a33a_1a0649d18bf_-52f0","geometry":null,"properties":{"cd_recorte":"07013132503","cd_sudene":"1","nm_sudene":"Área de atuação da SUDENE","cd_mun":"3132503","nm_mun":"Itamarandiba"},"bbox":[-18.153557,-43.15857,-17.54314,-42.586285]},{"type":"Feature","id":"qg_2021_070_areasudene.fid-b14a33a_1a0649d18bf_-52ee","geometry":null,"properties":{"cd_recorte":"07013132701","cd_sudene":"1","nm_sudene":"Área de atuação da SUDENE","cd_mun":"3132701","nm_mun":"Itambacuri"},"bbox":[-18.458883,-42.091106,-17.8952,-41.567706]},{"type":"Feature","id":"qg_2021_070_areasudene.fid-b14a33a_1a0649d18bf_-52ed","geometry":null,"properties":{"cd_recorte":"07013133204","cd_sudene":"1","nm_sudene":"Área de atuação da SUDENE","cd_mun":"3133204","nm_mun":"Itanhomi"},"bbox":[-19.273609,-42.006131,-19.021907,-41.633612]},{"type":"Feature","id":"qg_2021_070_areasudene.fid-b14a33a_1a0649d18bf_-52ec","geometry":null,"properties":{"cd_recorte":"07013133303","cd_sudene":"1","nm_sudene":"Área de atuação da SUDENE","cd_mun":"3133303","nm_mun":"Itaobim"},"bbox":[-16.730223,-41.682281,-16.424901,-41.354473]},{"type":"Feature","id":"qg_2021_070_areasudene.fid-b14a33a_1a0649d18bf_-52eb","geometry":null,"properties":{"cd_recorte":"07013134004","cd_sudene":"1","nm_sudene":"Área de atuação da SUDENE","cd_mun":"3134004","nm_mun":"Itinga"},"bbox":[-16.866883,-42.105417,-16.330999,-41.604317]},{"type":"Feature","id":"qg_2021_070_areasudene.fid-b14a33a_1a0649d18bf_-52ea","geometry":null,"properties":{"cd_recorte":"07013134103","cd_sudene":"1","nm_sudene":"Área de atuação da SUDENE","cd_mun":"3134103","nm_mun":"Itueta"},"bbox":[-19.495286,-41.295353,-19.25117675,-40.9076927]},{"type":"Feature","id":"qg_2021_070_areasudene.fid-b14a33a_1a0649d18bf_-52e9","geometry":null,"properties":{"cd_recorte":"07013134707","cd_sudene":"1","nm_sudene":"Área de atuação da SUDENE","cd_mun":"3134707","nm_mun":"Jacinto"},"bbox":[-16.461218,-40.49778,-15.928203,-40.135107]},{"type":"Feature","id":"qg_2021_070_areasudene.fid-b14a33a_1a0649d18bf_-52e8","geometry":null,"properties":{"cd_recorte":"07013135050","cd_sudene":"1","nm_sudene":"Área de atuação da SUDENE","cd_mun":"3135050","nm_mun":"Jaíba"},"bbox":[-15.531586,-44.07184,-14.967927,-43.309299]},{"type":"Feature","id":"qg_2021_070_areasudene.fid-b14a33a_1a0649d18bf_-52e7","geometry":null,"properties":{"cd_recorte":"07013135076","cd_sudene":"1","nm_sudene":"Área de atuação da SUDENE","cd_mun":"3135076","nm_mun":"Jampruca"},"bbox":[-18.61217,-41.944193,-18.344475,-41.573325]},{"type":"Feature","id":"qg_2021_070_areasudene.fid-b14a33a_1a0649d18bf_-52e6","geometry":null,"properties":{"cd_recorte":"07013135100","cd_sudene":"1","nm_sudene":"Área de atuação da SUDENE","cd_mun":"3135100","nm_mun":"Janaúba"},"bbox":[-16.133339,-43.632984,-15.327136,-43.20427]},{"type":"Feature","id":"qg_2021_070_areasudene.fid-b14a33a_1a0649d18bf_-52e5","geometry":null,"properties":{"cd_recorte":"07013135209","cd_sudene":"1","nm_sudene":"Área de atuação da SUDENE","cd_mun":"3135209","nm_mun":"Januária"},"bbox":[-15.809398,-45.62046,-14.83136905,-44.100479]},{"type":"Feature","id":"qg_2021_070_areasudene.fid-b14a33a_1a0649d18bf_-52e3","geometry":null,"properties":{"cd_recorte":"07013135357","cd_sudene":"1","nm_sudene":"Área de atuação da SUDENE","cd_mun":"3135357","nm_mun":"Japonvar"},"bbox":[-16.081715,-44.439475,-15.785142,-44.201486]},{"type":"Feature","id":"qg_2021_070_areasudene.fid-b14a33a_1a0649d18bf_-52e2","geometry":null,"properties":{"cd_recorte":"07013135456","cd_sudene":"1","nm_sudene":"Área de atuação da SUDENE","cd_mun":"3135456","nm_mun":"Jenipapo de Minas"},"bbox":[-17.316219,-42.347287,-17.057016,-42.079143]},{"type":"Feature","id":"qg_2021_070_areasudene.fid-b14a33a_1a0649d18bf_-52e1","geometry":null,"properties":{"cd_recorte":"07013135605","cd_sudene":"1","nm_sudene":"Área de atuação da SUDENE","cd_mun":"3135605","nm_mun":"Jequitaí"},"bbox":[-17.456943,-44.687846,-16.945526,-44.267971]},{"type":"Feature","id":"qg_2021_070_areasudene.fid-b14a33a_1a0649d18bf_-52e0","geometry":null,"properties":{"cd_recorte":"07013135803","cd_sudene":"1","nm_sudene":"Área de atuação da SUDENE","cd_mun":"3135803","nm_mun":"Jequitinhonha"},"bbox":[-16.748455,-41.471796,-16.055098,-40.644364]},{"type":"Feature","id":"qg_2021_070_areasudene.fid-b14a33a_1a0649d18bf_-52df","geometry":null,"properties":{"cd_recorte":"07013136009","cd_sudene":"1","nm_sudene":"Área de atuação da SUDENE","cd_mun":"3136009","nm_mun":"Joaíma"},"bbox":[-17.049656,-41.29229,-16.546292,-40.688719]},{"type":"Feature","id":"qg_2021_070_areasudene.fid-b14a33a_1a0649d18bf_-52de","geometry":null,"properties":{"cd_recorte":"07013136504","cd_sudene":"1","nm_sudene":"Área de atuação da SUDENE","cd_mun":"3136504","nm_mun":"Jordânia"},"bbox":[-15.994871,-40.51976913,-15.75323174,-40.110836]},{"type":"Feature","id":"qg_2021_070_areasudene.fid-b14a33a_1a0649d18bf_-52dd","geometry":null,"properties":{"cd_recorte":"07013136520","cd_sudene":"1","nm_sudene":"Área de atuação da SUDENE","cd_mun":"3136520","nm_mun":"José Gonçalves de Minas"},"bbox":[-17.0446,-42.761089,-16.755781,-42.537425]},{"type":"Feature","id":"qg_2021_070_areasudene.fid-b14a33a_1a0649d18bf_-52dc","geometry":null,"properties":{"cd_recorte":"07013136553","cd_sudene":"1","nm_sudene":"Área de atuação da SUDENE","cd_mun":"3136553","nm_mun":"José Raydan"},"bbox":[-18.356573,-42.58178,-18.160316,-42.395242]},{"type":"Feature","id":"qg_2021_070_areasudene.fid-b14a33a_1a0649d18bf_-52db","geometry":null,"properties":{"cd_recorte":"07013136579","cd_sudene":"1","nm_sudene":"Área de atuação da SUDENE","cd_mun":"3136579","nm_mun":"Josenópolis"},"bbox":[-16.662391,-42.677427,-16.379049,-42.398868]},{"type":"Feature","id":"qg_2021_070_areasudene.fid-b14a33a_1a0649d18bf_-52da","geometry":null,"properties":{"cd_recorte":"07013136801","cd_sudene":"1","nm_sudene":"Área de atuação da SUDENE","cd_mun":"3136801","nm_mun":"Juramento"},"bbox":[-16.993996,-43.697948,-16.71069,-43.433674]},{"type":"Feature","id":"qg_2021_070_areasudene.fid-b14a33a_1a0649d18bf_-52d9","geometry":null,"properties":{"cd_recorte":"07013136959","cd_sudene":"1","nm_sudene":"Área de atuação da SUDENE","cd_mun":"3136959","nm_mun":"Juvenília"},"bbox":[-14.565226,-44.337327,-14.23318067,-43.78318673]},{"type":"Feature","id":"qg_2021_070_areasudene.fid-b14a33a_1a0649d18bf_-52d8","geometry":null,"properties":{"cd_recorte":"07013137007","cd_sudene":"1","nm_sudene":"Área de atuação da SUDENE","cd_mun":"3137007","nm_mun":"Ladainha"},"bbox":[-17.770845,-42.048111,-17.44207,-41.628534]},{"type":"Feature","id":"qg_2021_070_areasudene.fid-b14a33a_1a0649d18bf_-52d7","geometry":null,"properties":{"cd_recorte":"07013137304","cd_sudene":"1","nm_sudene":"Área de atuação da SUDENE","cd_mun":"3137304","nm_mun":"Lagoa dos Patos"},"bbox":[-17.168128,-44.840935,-16.856501,-44.480144]},{"type":"Feature","id":"qg_2021_070_areasudene.fid-b14a33a_1a0649d18bf_-52d5","geometry":null,"properties":{"cd_recorte":"07013138104","cd_sudene":"1","nm_sudene":"Área de atuação da SUDENE","cd_mun":"3138104","nm_mun":"Lassance"},"bbox":[-18.15251,-45.126083,-17.599695,-44.276417]},{"type":"Feature","id":"qg_2021_070_areasudene.fid-b14a33a_1a0649d18bf_-52d4","geometry":null,"properties":{"cd_recorte":"07013138351","cd_sudene":"1","nm_sudene":"Área de atuação da SUDENE","cd_mun":"3138351","nm_mun":"Leme do Prado"},"bbox":[-17.183708,-42.825723,-16.942819,-42.627254]},{"type":"Feature","id":"qg_2021_070_areasudene.fid-b14a33a_1a0649d18bf_-52d3","geometry":null,"properties":{"cd_recorte":"07013138658","cd_sudene":"1","nm_sudene":"Área de atuação da SUDENE","cd_mun":"3138658","nm_mun":"Lontra"},"bbox":[-15.93828,-44.37749,-15.74323,-44.16962]},{"type":"Feature","id":"qg_2021_070_areasudene.fid-b14a33a_1a0649d18bf_-52d2","geometry":null,"properties":{"cd_recorte":"07013138682","cd_sudene":"1","nm_sudene":"Área de atuação da SUDENE","cd_mun":"3138682","nm_mun":"Luislândia"},"bbox":[-16.336547,-44.719736,-16.05801,-44.485894]},{"type":"Feature","id":"qg_2021_070_areasudene.fid-b14a33a_1a0649d18bf_-52d1","geometry":null,"properties":{"cd_recorte":"07013138906","cd_sudene":"1","nm_sudene":"Área de atuação da SUDENE","cd_mun":"3138906","nm_mun":"Machacalis"},"bbox":[-17.212226,-40.80844,-16.957844,-40.612339]},{"type":"Feature","id":"qg_2021_070_areasudene.fid-b14a33a_1a0649d18bf_-52d0","geometry":null,"properties":{"cd_recorte":"07013139201","cd_sudene":"1","nm_sudene":"Área de atuação da SUDENE","cd_mun":"3139201","nm_mun":"Malacacheta"},"bbox":[-18.01563,-42.281642,-17.69758,-41.908975]},{"type":"Feature","id":"qg_2021_070_areasudene.fid-b14a33a_1a0649d18bf_-52cf","geometry":null,"properties":{"cd_recorte":"07013139250","cd_sudene":"1","nm_sudene":"Área de atuação da SUDENE","cd_mun":"3139250","nm_mun":"Mamonas"},"bbox":[-15.135393,-43.03955341,-14.892943,-42.849937]},{"type":"Feature","id":"qg_2021_070_areasudene.fid-b14a33a_1a0649d18bf_-52ce","geometry":null,"properties":{"cd_recorte":"07013139300","cd_sudene":"1","nm_sudene":"Área de atuação da SUDENE","cd_mun":"3139300","nm_mun":"Manga"},"bbox":[-14.97873,-44.398079,-14.361724,-43.81842693]},{"type":"Feature","id":"qg_2021_070_areasudene.fid-b14a33a_1a0649d18bf_-52cd","geometry":null,"properties":{"cd_recorte":"07013139607","cd_sudene":"1","nm_sudene":"Área de atuação da SUDENE","cd_mun":"3139607","nm_mun":"Mantena"},"bbox":[-18.84231098,-41.265216,-18.522373,-40.91592187]},{"type":"Feature","id":"qg_2021_070_areasudene.fid-b14a33a_1a0649d18bf_-52cc","geometry":null,"properties":{"cd_recorte":"07013140100","cd_sudene":"1","nm_sudene":"Área de atuação da SUDENE","cd_mun":"3140100","nm_mun":"Marilac"},"bbox":[-18.584024,-42.147806,-18.416046,-41.972046]},{"type":"Feature","id":"qg_2021_070_areasudene.fid-b14a33a_1a0649d18bf_-52cb","geometry":null,"properties":{"cd_recorte":"07013140555","cd_sudene":"1","nm_sudene":"Área de atuação da SUDENE","cd_mun":"3140555","nm_mun":"Mata Verde"},"bbox":[-15.886875,-40.818894,-15.64762102,-40.597911]},{"type":"Feature","id":"qg_2021_070_areasudene.fid-b14a33a_1a0649d18bf_-52ca","geometry":null,"properties":{"cd_recorte":"07013140605","cd_sudene":"1","nm_sudene":"Área de atuação da SUDENE","cd_mun":"3140605","nm_mun":"Materlândia"},"bbox":[-18.57002,-43.169023,-18.364078,-42.869366]},{"type":"Feature","id":"qg_2021_070_areasudene.fid-b14a33a_1a0649d18bf_-52c9","geometry":null,"properties":{"cd_recorte":"07013140852","cd_sudene":"1","nm_sudene":"Área de atuação da SUDENE","cd_mun":"3140852","nm_mun":"Matias Cardoso"},"bbox":[-15.11329,-44.019983,-14.56214198,-43.495224]},{"type":"Feature","id":"qg_2021_070_areasudene.fid-b14a33a_1a0649d18bf_-52c8","geometry":null,"properties":{"cd_recorte":"07013141009","cd_sudene":"1","nm_sudene":"Área de atuação da SUDENE","cd_mun":"3141009","nm_mun":"Mato Verde"},"bbox":[-15.610064,-43.039629,-15.303506,-42.744069]},{"type":"Feature","id":"qg_2021_070_areasudene.fid-b14a33a_1a0649d18bf_-52c7","geometry":null,"properties":{"cd_recorte":"07013141405","cd_sudene":"1","nm_sudene":"Área de atuação da SUDENE","cd_mun":"3141405","nm_mun":"Medina"},"bbox":[-16.577971,-41.723006,-16.045935,-41.277296]},{"type":"Feature","id":"qg_2021_070_areasudene.fid-b14a33a_1a0649d18bf_-52c6","geometry":null,"properties":{"cd_recorte":"07013141504","cd_sudene":"1","nm_sudene":"Área de atuação da SUDENE","cd_mun":"3141504","nm_mun":"Mendes Pimentel"},"bbox":[-18.716273,-41.490691,-18.496195,-41.247048]},{"type":"Feature","id":"qg_2021_070_areasudene.fid-b14a33a_1a0649d18bf_-52c5","geometry":null,"properties":{"cd_recorte":"07013141801","cd_sudene":"1","nm_sudene":"Área de atuação da SUDENE","cd_mun":"3141801","nm_mun":"Minas Novas"},"bbox":[-17.613667,-42.69858,-17.096602,-42.086134]},{"type":"Feature","id":"qg_2021_070_areasudene.fid-b14a33a_1a0649d18bf_-52c4","geometry":null,"properties":{"cd_recorte":"07013142007","cd_sudene":"1","nm_sudene":"Área de atuação da SUDENE","cd_mun":"3142007","nm_mun":"Mirabela"},"bbox":[-16.424872,-44.309335,-16.09195,-43.980635]},{"type":"Feature","id":"qg_2021_070_areasudene.fid-b14a33a_1a0649d18bf_-52c3","geometry":null,"properties":{"cd_recorte":"07013142254","cd_sudene":"1","nm_sudene":"Área de atuação da SUDENE","cd_mun":"3142254","nm_mun":"Miravânia"},"bbox":[-14.907094,-44.545961,-14.593085,-44.284304]},{"type":"Feature","id":"qg_2021_070_areasudene.fid-b14a33a_1a0649d18bf_-52c2","geometry":null,"properties":{"cd_recorte":"07013142700","cd_sudene":"1","nm_sudene":"Área de atuação da SUDENE","cd_mun":"3142700","nm_mun":"Montalvânia"},"bbox":[-14.703399,-44.751185,-14.24034915,-44.233596]},{"type":"Feature","id":"qg_2021_070_areasudene.fid-b14a33a_1a0649d18bf_-52c1","geometry":null,"properties":{"cd_recorte":"07013142908","cd_sudene":"1","nm_sudene":"Área de atuação da SUDENE","cd_mun":"3142908","nm_mun":"Monte Azul"},"bbox":[-15.398444,-43.271006,-15.037265,-42.754992]},{"type":"Feature","id":"qg_2021_070_areasudene.fid-b14a33a_1a0649d18bf_-52c0","geometry":null,"properties":{"cd_recorte":"07013143153","cd_sudene":"1","nm_sudene":"Área de atuação da SUDENE","cd_mun":"3143153","nm_mun":"Monte Formoso"},"bbox":[-17.015477,-41.370248,-16.748453,-41.139358]},{"type":"Feature","id":"qg_2021_070_areasudene.fid-b14a33a_1a0649d18bf_-52bf","geometry":null,"properties":{"cd_recorte":"07013143302","cd_sudene":"1","nm_sudene":"Área de atuação da SUDENE","cd_mun":"3143302","nm_mun":"Montes Claros"},"bbox":[-17.145792,-44.210916,-16.084038,-43.665911]},{"type":"Feature","id":"qg_2021_070_areasudene.fid-b14a33a_1a0649d18bf_-52be","geometry":null,"properties":{"cd_recorte":"07013143450","cd_sudene":"1","nm_sudene":"Área de atuação da SUDENE","cd_mun":"3143450","nm_mun":"Montezuma"},"bbox":[-15.429737,-42.656579,-14.98292465,-42.256588]},{"type":"Feature","id":"qg_2021_070_areasudene.fid-b14a33a_1a0649d18bf_-52bd","geometry":null,"properties":{"cd_recorte":"07013144003","cd_sudene":"1","nm_sudene":"Área de atuação da SUDENE","cd_mun":"3144003","nm_mun":"Mutum"},"bbox":[-20.20610179,-41.648567,-19.658292,-41.273454]},{"type":"Feature","id":"qg_2021_070_areasudene.fid-b14a33a_1a0649d18bf_-52bc","geometry":null,"properties":{"cd_recorte":"07013144201","cd_sudene":"1","nm_sudene":"Área de atuação da SUDENE","cd_mun":"3144201","nm_mun":"Nacip Raydan"},"bbox":[-18.587883,-42.277157,-18.383819,-42.091146]},{"type":"Feature","id":"qg_2021_070_areasudene.fid-b14a33a_1a0649d18bf_-52bb","geometry":null,"properties":{"cd_recorte":"07013144300","cd_sudene":"1","nm_sudene":"Área de atuação da SUDENE","cd_mun":"3144300","nm_mun":"Nanuque"},"bbox":[-18.02388539,-40.79846884,-17.44738149,-40.21191838]},{"type":"Feature","id":"qg_2021_070_areasudene.fid-b14a33a_1a0649d18bf_-52ba","geometry":null,"properties":{"cd_recorte":"07013144359","cd_sudene":"1","nm_sudene":"Área de atuação da SUDENE","cd_mun":"3144359","nm_mun":"Naque"},"bbox":[-19.239545,-42.402155,-19.111998,-42.247285]},{"type":"Feature","id":"qg_2021_070_areasudene.fid-b14a33a_1a0649d18bf_-52b9","geometry":null,"properties":{"cd_recorte":"07013144375","cd_sudene":"1","nm_sudene":"Área de atuação da SUDENE","cd_mun":"3144375","nm_mun":"Natalândia"},"bbox":[-16.706786,-46.588065,-16.371152,-46.37357]},{"type":"Feature","id":"qg_2021_070_areasudene.fid-b14a33a_1a0649d18bf_-52b8","geometry":null,"properties":{"cd_recorte":"07013144656","cd_sudene":"1","nm_sudene":"Área de atuação da SUDENE","cd_mun":"3144656","nm_mun":"Ninheira"},"bbox":[-15.527787,-41.884774,-15.10028943,-41.36425547]},{"type":"Feature","id":"qg_2021_070_areasudene.fid-b14a33a_1a0649d18bf_-52b7","geometry":null,"properties":{"cd_recorte":"07013144672","cd_sudene":"1","nm_sudene":"Área de atuação da SUDENE","cd_mun":"3144672","nm_mun":"Nova Belém"},"bbox":[-18.537856,-41.18818,-18.43957923,-41.01565079]},{"type":"Feature","id":"qg_2021_070_areasudene.fid-b14a33a_1a0649d18bf_-52b6","geometry":null,"properties":{"cd_recorte":"07013144904","cd_sudene":"1","nm_sudene":"Área de atuação da SUDENE","cd_mun":"3144904","nm_mun":"Nova Módica"},"bbox":[-18.581512,-41.635581,-18.296452,-41.414098]},{"type":"Feature","id":"qg_2021_070_areasudene.fid-b14a33a_1a0649d18bf_-52b5","geometry":null,"properties":{"cd_recorte":"07013145059","cd_sudene":"1","nm_sudene":"Área de atuação da SUDENE","cd_mun":"3145059","nm_mun":"Nova Porteirinha"},"bbox":[-15.83092469,-43.31704041,-15.606001,-43.232311]},{"type":"Feature","id":"qg_2021_070_areasudene.fid-b14a33a_1a0649d18bf_-52b4","geometry":null,"properties":{"cd_recorte":"07013145307","cd_sudene":"1","nm_sudene":"Área de atuação da SUDENE","cd_mun":"3145307","nm_mun":"Novo Cruzeiro"},"bbox":[-17.656415,-42.211926,-17.07283,-41.733087]},{"type":"Feature","id":"qg_2021_070_areasudene.fid-b14a33a_1a0649d18bf_-52b3","geometry":null,"properties":{"cd_recorte":"07013145356","cd_sudene":"1","nm_sudene":"Área de atuação da SUDENE","cd_mun":"3145356","nm_mun":"Novo Oriente de Minas"},"bbox":[-17.447821,-41.351401,-17.03253,-41.071544]},{"type":"Feature","id":"qg_2021_070_areasudene.fid-b14a33a_1a0649d18bf_-52b2","geometry":null,"properties":{"cd_recorte":"07013145372","cd_sudene":"1","nm_sudene":"Área de atuação da SUDENE","cd_mun":"3145372","nm_mun":"Novorizonte"},"bbox":[-16.11015,-42.529346,-15.89748682,-42.28548]},{"type":"Feature","id":"qg_2021_070_areasudene.fid-b14a33a_1a0649d18bf_-52b1","geometry":null,"properties":{"cd_recorte":"07013145455","cd_sudene":"1","nm_sudene":"Área de atuação da SUDENE","cd_mun":"3145455","nm_mun":"Olhos-d'Água"},"bbox":[-17.890129,-43.815947,-17.206495,-43.279853]},{"type":"Feature","id":"qg_2021_070_areasudene.fid-b14a33a_1a0649d18bf_-52b0","geometry":null,"properties":{"cd_recorte":"07013146206","cd_sudene":"1","nm_sudene":"Área de atuação da SUDENE","cd_mun":"3146206","nm_mun":"Ouro Verde de Minas"},"bbox":[-18.114388,-41.379314,-17.9497,-41.216753]},{"type":"Feature","id":"qg_2021_070_areasudene.fid-b14a33a_1a0649d18bf_-52af","geometry":null,"properties":{"cd_recorte":"07013146255","cd_sudene":"1","nm_sudene":"Área de atuação da SUDENE","cd_mun":"3146255","nm_mun":"Padre Carvalho"},"bbox":[-16.456943,-42.725698,-16.161414,-42.469967]},{"type":"Feature","id":"qg_2021_070_areasudene.fid-b14a33a_1a0649d18bf_-52ae","geometry":null,"properties":{"cd_recorte":"07013146305","cd_sudene":"1","nm_sudene":"Área de atuação da SUDENE","cd_mun":"3146305","nm_mun":"Padre Paraíso"},"bbox":[-17.2075,-41.687689,-16.913107,-41.384749]},{"type":"Feature","id":"qg_2021_070_areasudene.fid-b14a33a_1a0649d18bf_-52ad","geometry":null,"properties":{"cd_recorte":"07013146552","cd_sudene":"1","nm_sudene":"Área de atuação da SUDENE","cd_mun":"3146552","nm_mun":"Pai Pedro"},"bbox":[-15.617179,-43.332094,-15.081516,-42.912221]},{"type":"Feature","id":"qg_2021_070_areasudene.fid-b14a33a_1a0649d18bf_-52ac","geometry":null,"properties":{"cd_recorte":"07013146750","cd_sudene":"1","nm_sudene":"Área de atuação da SUDENE","cd_mun":"3146750","nm_mun":"Palmópolis"},"bbox":[-16.90931921,-40.483739,-16.648144,-40.24690706]},{"type":"Feature","id":"qg_2021_070_areasudene.fid-b14a33a_1a0649d18bf_-52ab","geometry":null,"properties":{"cd_recorte":"07013147956","cd_sudene":"1","nm_sudene":"Área de atuação da SUDENE","cd_mun":"3147956","nm_mun":"Patis"},"bbox":[-16.205907,-44.235696,-15.970542,-43.969101]},{"type":"Feature","id":"qg_2021_070_areasudene.fid-b14a33a_1a0649d18bf_-52aa","geometry":null,"properties":{"cd_recorte":"07013148400","cd_sudene":"1","nm_sudene":"Área de atuação da SUDENE","cd_mun":"3148400","nm_mun":"Paulistas"},"bbox":[-18.567626,-42.930787,-18.341285,-42.800372]},{"type":"Feature","id":"qg_2021_070_areasudene.fid-b14a33a_1a0649d18bf_-52a9","geometry":null,"properties":{"cd_recorte":"07013148509","cd_sudene":"1","nm_sudene":"Área de atuação da SUDENE","cd_mun":"3148509","nm_mun":"Pavão"},"bbox":[-17.606752,-41.257521,-17.322071,-40.91891]},{"type":"Feature","id":"qg_2021_070_areasudene.fid-b14a33a_1a0649d18bf_-52a8","geometry":null,"properties":{"cd_recorte":"07013148608","cd_sudene":"1","nm_sudene":"Área de atuação da SUDENE","cd_mun":"3148608","nm_mun":"Peçanha"},"bbox":[-18.744621,-42.720602,-18.332635,-42.351625]},{"type":"Feature","id":"qg_2021_070_areasudene.fid-b14a33a_1a0649d18bf_-52a7","geometry":null,"properties":{"cd_recorte":"07013148707","cd_sudene":"1","nm_sudene":"Área de atuação da SUDENE","cd_mun":"3148707","nm_mun":"Pedra Azul"},"bbox":[-16.171797,-41.457386,-15.73668499,-40.907462]},{"type":"Feature","id":"qg_2021_070_areasudene.fid-b14a33a_1a0649d18bf_-52a6","geometry":null,"properties":{"cd_recorte":"07013149150","cd_sudene":"1","nm_sudene":"Área de atuação da SUDENE","cd_mun":"3149150","nm_mun":"Pedras de Maria da Cruz"},"bbox":[-15.903584,-44.68333,-15.25978,-44.029816]},{"type":"Feature","id":"qg_2021_070_areasudene.fid-b14a33a_1a0649d18bf_-52a5","geometry":null,"properties":{"cd_recorte":"07013149952","cd_sudene":"1","nm_sudene":"Área de atuação da SUDENE","cd_mun":"3149952","nm_mun":"Periquito"},"bbox":[-19.187275,-42.356815,-18.982445,-42.131695]},{"type":"Feature","id":"qg_2021_070_areasudene.fid-b14a33a_1a0649d18bf_-52a4","geometry":null,"properties":{"cd_recorte":"07013150000","cd_sudene":"1","nm_sudene":"Área de atuação da SUDENE","cd_mun":"3150000","nm_mun":"Pescador"},"bbox":[-18.433501,-41.690924,-18.240184,-41.41834]},{"type":"Feature","id":"qg_2021_070_areasudene.fid-b14a33a_1a0649d18bf_-52a3","geometry":null,"properties":{"cd_recorte":"07013150158","cd_sudene":"1","nm_sudene":"Área de atuação da SUDENE","cd_mun":"3150158","nm_mun":"Piedade de Caratinga"},"bbox":[-19.838393,-42.095931,-19.686439,-41.996441]},{"type":"Feature","id":"qg_2021_070_areasudene.fid-b14a33a_1a0649d18bf_-52a2","geometry":null,"properties":{"cd_recorte":"07013150570","cd_sudene":"1","nm_sudene":"Área de atuação da SUDENE","cd_mun":"3150570","nm_mun":"Pintópolis"},"bbox":[-16.273683,-45.437634,-15.842962,-45.041209]},{"type":"Feature","id":"qg_2021_070_areasudene.fid-b14a33a_1a0649d18bf_-52a1","geometry":null,"properties":{"cd_recorte":"07013151206","cd_sudene":"1","nm_sudene":"Área de atuação da SUDENE","cd_mun":"3151206","nm_mun":"Pirapora"},"bbox":[-17.555031,-44.987524,-17.203574,-44.74404]},{"type":"Feature","id":"qg_2021_070_areasudene.fid-b14a33a_1a0649d18bf_-52a0","geometry":null,"properties":{"cd_recorte":"07013152131","cd_sudene":"1","nm_sudene":"Área de atuação da SUDENE","cd_mun":"3152131","nm_mun":"Ponto Chique"},"bbox":[-16.758349,-45.120624,-16.451659,-44.798292]},{"type":"Feature","id":"qg_2021_070_areasudene.fid-b14a33a_1a0649d18bf_-529f","geometry":null,"properties":{"cd_recorte":"07013152170","cd_sudene":"1","nm_sudene":"Área de atuação da SUDENE","cd_mun":"3152170","nm_mun":"Ponto dos Volantes"},"bbox":[-17.060998,-41.759864,-16.621999,-41.27213]},{"type":"Feature","id":"qg_2021_070_areasudene.fid-b14a33a_1a0649d18bf_-529e","geometry":null,"properties":{"cd_recorte":"07013152204","cd_sudene":"1","nm_sudene":"Área de atuação da SUDENE","cd_mun":"3152204","nm_mun":"Porteirinha"},"bbox":[-16.166689,-43.315138,-15.327136,-42.768743]},{"type":"Feature","id":"qg_2021_070_areasudene.fid-b14a33a_1a0649d18bf_-529d","geometry":null,"properties":{"cd_recorte":"07013152402","cd_sudene":"1","nm_sudene":"Área de atuação da SUDENE","cd_mun":"3152402","nm_mun":"Poté"},"bbox":[-17.940468,-41.990181,-17.672025,-41.60166]},{"type":"Feature","id":"qg_2021_070_areasudene.fid-b14a33a_1a0649d18bf_-529c","geometry":null,"properties":{"cd_recorte":"07013154309","cd_sudene":"1","nm_sudene":"Área de atuação da SUDENE","cd_mun":"3154309","nm_mun":"Resplendor"},"bbox":[-19.380238,-41.383918,-19.05647156,-40.92266774]},{"type":"Feature","id":"qg_2021_070_areasudene.fid-b14a33a_1a0649d18bf_-529b","geometry":null,"properties":{"cd_recorte":"07013154457","cd_sudene":"1","nm_sudene":"Área de atuação da SUDENE","cd_mun":"3154457","nm_mun":"Riachinho"},"bbox":[-16.530579,-46.276311,-16.015081,-45.651502]},{"type":"Feature","id":"qg_2021_070_areasudene.fid-b14a33a_1a0649d18bf_-529a","geometry":null,"properties":{"cd_recorte":"07013154507","cd_sudene":"1","nm_sudene":"Área de atuação da SUDENE","cd_mun":"3154507","nm_mun":"Riacho dos Machados"},"bbox":[-16.289146,-43.270292,-15.797265,-42.703359]},{"type":"Feature","id":"qg_2021_070_areasudene.fid-b14a33a_1a0649d18bf_-5299","geometry":null,"properties":{"cd_recorte":"07013155108","cd_sudene":"1","nm_sudene":"Área de atuação da SUDENE","cd_mun":"3155108","nm_mun":"Rio do Prado"},"bbox":[-16.843459,-40.682086,-16.524354,-40.432885]},{"type":"Feature","id":"qg_2021_070_areasudene.fid-b14a33a_1a0649d18bf_-5298","geometry":null,"properties":{"cd_recorte":"07013155603","cd_sudene":"1","nm_sudene":"Área de atuação da SUDENE","cd_mun":"3155603","nm_mun":"Rio Pardo de Minas"},"bbox":[-16.158275,-42.814003,-15.389479,-42.193158]},{"type":"Feature","id":"qg_2021_070_areasudene.fid-b14a33a_1a0649d18bf_-5297","geometry":null,"properties":{"cd_recorte":"07013156007","cd_sudene":"1","nm_sudene":"Área de atuação da SUDENE","cd_mun":"3156007","nm_mun":"Rio Vermelho"},"bbox":[-18.429532,-43.274409,-18.068036,-42.863703]},{"type":"Feature","id":"qg_2021_070_areasudene.fid-b14a33a_1a0649d18bf_-5296","geometry":null,"properties":{"cd_recorte":"07013156502","cd_sudene":"1","nm_sudene":"Área de atuação da SUDENE","cd_mun":"3156502","nm_mun":"Rubelita"},"bbox":[-16.496103,-42.492863,-16.227919,-41.892749]},{"type":"Feature","id":"qg_2021_070_areasudene.fid-b14a33a_1a0649d18bf_-5295","geometry":null,"properties":{"cd_recorte":"07013156601","cd_sudene":"1","nm_sudene":"Área de atuação da SUDENE","cd_mun":"3156601","nm_mun":"Rubim"},"bbox":[-16.691477,-40.675243,-16.19218,-40.348961]},{"type":"Feature","id":"qg_2021_070_areasudene.fid-b14a33a_1a0649d18bf_-5294","geometry":null,"properties":{"cd_recorte":"07013156809","cd_sudene":"1","nm_sudene":"Área de atuação da SUDENE","cd_mun":"3156809","nm_mun":"Sabinópolis"},"bbox":[-18.863741,-43.24671,-18.435651,-42.85126]},{"type":"Feature","id":"qg_2021_070_areasudene.fid-b14a33a_1a0649d18bf_-5293","geometry":null,"properties":{"cd_recorte":"07013157005","cd_sudene":"1","nm_sudene":"Área de atuação da SUDENE","cd_mun":"3157005","nm_mun":"Salinas"},"bbox":[-16.321632,-42.424864,-15.849265,-41.843654]},{"type":"Feature","id":"qg_2021_070_areasudene.fid-b14a33a_1a0649d18bf_-5292","geometry":null,"properties":{"cd_recorte":"07013157104","cd_sudene":"1","nm_sudene":"Área de atuação da SUDENE","cd_mun":"3157104","nm_mun":"Salto da Divisa"},"bbox":[-16.3478295,-40.229369,-15.89704271,-39.85682889]},{"type":"Feature","id":"qg_2021_070_areasudene.fid-b14a33a_1a0649d18bf_-5291","geometry":null,"properties":{"cd_recorte":"07013157252","cd_sudene":"1","nm_sudene":"Área de atuação da SUDENE","cd_mun":"3157252","nm_mun":"Santa Bárbara do Leste"},"bbox":[-20.019077,-42.169148,-19.884834,-42.02039]},{"type":"Feature","id":"qg_2021_070_areasudene.fid-b14a33a_1a0649d18bf_-5290","geometry":null,"properties":{"cd_recorte":"07013157377","cd_sudene":"1","nm_sudene":"Área de atuação da SUDENE","cd_mun":"3157377","nm_mun":"Santa Cruz de Salinas"},"bbox":[-16.185767,-41.935846,-15.906409,-41.615205]},{"type":"Feature","id":"qg_2021_070_areasudene.fid-b14a33a_1a0649d18bf_-528f","geometry":null,"properties":{"cd_recorte":"07013157500","cd_sudene":"1","nm_sudene":"Área de atuação da SUDENE","cd_mun":"3157500","nm_mun":"Santa Efigênia de Minas"},"bbox":[-18.92764,-42.467126,-18.799243,-42.326767]},{"type":"Feature","id":"qg_2021_070_areasudene.fid-b14a33a_1a0649d18bf_-528e","geometry":null,"properties":{"cd_recorte":"07013157609","cd_sudene":"1","nm_sudene":"Área de atuação da SUDENE","cd_mun":"3157609","nm_mun":"Santa Fé de Minas"},"bbox":[-16.963557,-46.01599,-16.502853,-45.100869]},{"type":"Feature","id":"qg_2021_070_areasudene.fid-b14a33a_1a0649d18bf_-528d","geometry":null,"properties":{"cd_recorte":"07013157658","cd_sudene":"1","nm_sudene":"Área de atuação da SUDENE","cd_mun":"3157658","nm_mun":"Santa Helena de Minas"},"bbox":[-17.034998,-40.745033,-16.782862,-40.567239]},{"type":"Feature","id":"qg_2021_070_areasudene.fid-b14a33a_1a0649d18bf_-528c","geometry":null,"properties":{"cd_recorte":"07013158102","cd_sudene":"1","nm_sudene":"Área de atuação da SUDENE","cd_mun":"3158102","nm_mun":"Santa Maria do Salto"},"bbox":[-16.46474105,-40.217067,-16.126892,-40.01721982]},{"type":"Feature","id":"qg_2021_070_areasudene.fid-b14a33a_1a0649d18bf_-528b","geometry":null,"properties":{"cd_recorte":"07013158201","cd_sudene":"1","nm_sudene":"Área de atuação da SUDENE","cd_mun":"3158201","nm_mun":"Santa Maria do Suaçuí"},"bbox":[-18.411149,-42.472297,-18.005148,-42.124025]},{"type":"Feature","id":"qg_2021_070_areasudene.fid-b14a33a_1a0649d18bf_-528a","geometry":null,"properties":{"cd_recorte":"07013159357","cd_sudene":"1","nm_sudene":"Área de atuação da SUDENE","cd_mun":"3159357","nm_mun":"Santa Rita de Minas"},"bbox":[-19.920911,-42.174052,-19.829029,-42.075237]},{"type":"Feature","id":"qg_2021_070_areasudene.fid-b14a33a_1a0649d18bf_-5289","geometry":null,"properties":{"cd_recorte":"07013159506","cd_sudene":"1","nm_sudene":"Área de atuação da SUDENE","cd_mun":"3159506","nm_mun":"Santa Rita do Itueto"},"bbox":[-19.544662,-41.510214,-19.267889,-41.263068]},{"type":"Feature","id":"qg_2021_070_areasudene.fid-b14a33a_1a0649d18bf_-5288","geometry":null,"properties":{"cd_recorte":"07013160207","cd_sudene":"1","nm_sudene":"Área de atuação da SUDENE","cd_mun":"3160207","nm_mun":"Santo Antônio do Itambé"},"bbox":[-18.602231,-43.382281,-18.386253,-43.151405]},{"type":"Feature","id":"qg_2021_070_areasudene.fid-b14a33a_1a0649d18bf_-5287","geometry":null,"properties":{"cd_recorte":"07013160306","cd_sudene":"1","nm_sudene":"Área de atuação da SUDENE","cd_mun":"3160306","nm_mun":"Santo Antônio do Jacinto"},"bbox":[-16.67865,-40.419573,-16.376101,-40.11020458]},{"type":"Feature","id":"qg_2021_070_areasudene.fid-b14a33a_1a0649d18bf_-5286","geometry":null,"properties":{"cd_recorte":"07013160454","cd_sudene":"1","nm_sudene":"Área de atuação da SUDENE","cd_mun":"3160454","nm_mun":"Santo Antônio do Retiro"},"bbox":[-15.497908,-42.819509,-15.036952,-42.514731]},{"type":"Feature","id":"qg_2021_070_areasudene.fid-b14a33a_1a0649d18bf_-5285","geometry":null,"properties":{"cd_recorte":"07013160959","cd_sudene":"1","nm_sudene":"Área de atuação da SUDENE","cd_mun":"3160959","nm_mun":"São Domingos das Dores"},"bbox":[-19.571737,-42.076017,-19.457345,-41.991482]},{"type":"Feature","id":"qg_2021_070_areasudene.fid-b14a33a_1a0649d18bf_-5284","geometry":null,"properties":{"cd_recorte":"07013161056","cd_sudene":"1","nm_sudene":"Área de atuação da SUDENE","cd_mun":"3161056","nm_mun":"São Félix de Minas"},"bbox":[-18.637796,-41.539734,-18.498916,-41.354949]},{"type":"Feature","id":"qg_2021_070_areasudene.fid-b14a33a_1a0649d18bf_-5283","geometry":null,"properties":{"cd_recorte":"07013161106","cd_sudene":"1","nm_sudene":"Área de atuação da SUDENE","cd_mun":"3161106","nm_mun":"São Francisco"},"bbox":[-16.162986,-45.257699,-15.553623,-44.411063]},{"type":"Feature","id":"qg_2021_070_areasudene.fid-b14a33a_1a0649d18bf_-5281","geometry":null,"properties":{"cd_recorte":"07013161601","cd_sudene":"1","nm_sudene":"Área de atuação da SUDENE","cd_mun":"3161601","nm_mun":"São Geraldo da Piedade"},"bbox":[-18.987093,-42.367435,-18.806001,-42.255847]},{"type":"Feature","id":"qg_2021_070_areasudene.fid-b14a33a_1a0649d18bf_-5280","geometry":null,"properties":{"cd_recorte":"07013161650","cd_sudene":"1","nm_sudene":"Área de atuação da SUDENE","cd_mun":"3161650","nm_mun":"São Geraldo do Baixio"},"bbox":[-19.030654,-41.460473,-18.825413,-41.263225]},{"type":"Feature","id":"qg_2021_070_areasudene.fid-b14a33a_1a0649d18bf_-527f","geometry":null,"properties":{"cd_recorte":"07013162252","cd_sudene":"1","nm_sudene":"Área de atuação da SUDENE","cd_mun":"3162252","nm_mun":"São João da Lagoa"},"bbox":[-17.077232,-44.573916,-16.625838,-44.070265]},{"type":"Feature","id":"qg_2021_070_areasudene.fid-b14a33a_1a0649d18bf_-527e","geometry":null,"properties":{"cd_recorte":"07013162401","cd_sudene":"1","nm_sudene":"Área de atuação da SUDENE","cd_mun":"3162401","nm_mun":"São João da Ponte"},"bbox":[-16.114441,-44.236466,-15.709377,-43.585517]},{"type":"Feature","id":"qg_2021_070_areasudene.fid-b14a33a_1a0649d18bf_-527d","geometry":null,"properties":{"cd_recorte":"07013162450","cd_sudene":"1","nm_sudene":"Área de atuação da SUDENE","cd_mun":"3162450","nm_mun":"São João das Missões"},"bbox":[-14.997344,-44.48367,-14.763631,-44.003666]},{"type":"Feature","id":"qg_2021_070_areasudene.fid-b14a33a_1a0649d18bf_-527c","geometry":null,"properties":{"cd_recorte":"07013162575","cd_sudene":"1","nm_sudene":"Área de atuação da SUDENE","cd_mun":"3162575","nm_mun":"São João do Manteninha"},"bbox":[-18.79893,-41.236971,-18.67928208,-41.070886]},{"type":"Feature","id":"qg_2021_070_areasudene.fid-b14a33a_1a0649d18bf_-527b","geometry":null,"properties":{"cd_recorte":"07013162658","cd_sudene":"1","nm_sudene":"Área de atuação da SUDENE","cd_mun":"3162658","nm_mun":"São João do Pacuí"},"bbox":[-16.663117,-44.677822,-16.440787,-44.392856]},{"type":"Feature","id":"qg_2021_070_areasudene.fid-b14a33a_1a0649d18bf_-5279","geometry":null,"properties":{"cd_recorte":"07013162708","cd_sudene":"1","nm_sudene":"Área de atuação da SUDENE","cd_mun":"3162708","nm_mun":"São João do Paraíso"},"bbox":[-15.634159,-42.273046,-15.08595402,-41.685515]},{"type":"Feature","id":"qg_2021_070_areasudene.fid-b14a33a_1a0649d18bf_-5278","geometry":null,"properties":{"cd_recorte":"07013162807","cd_sudene":"1","nm_sudene":"Área de atuação da SUDENE","cd_mun":"3162807","nm_mun":"São João Evangelista"},"bbox":[-18.676134,-42.910387,-18.317545,-42.685546]},{"type":"Feature","id":"qg_2021_070_areasudene.fid-b14a33a_1a0649d18bf_-5277","geometry":null,"properties":{"cd_recorte":"07013163003","cd_sudene":"1","nm_sudene":"Área de atuação da SUDENE","cd_mun":"3163003","nm_mun":"São José da Safira"},"bbox":[-18.433091,-42.208579,-18.218648,-42.049175]},{"type":"Feature","id":"qg_2021_070_areasudene.fid-b14a33a_1a0649d18bf_-5276","geometry":null,"properties":{"cd_recorte":"07013163300","cd_sudene":"1","nm_sudene":"Área de atuação da SUDENE","cd_mun":"3163300","nm_mun":"São José do Divino"},"bbox":[-18.534722,-41.461477,-18.26628,-41.287354]},{"type":"Feature","id":"qg_2021_070_areasudene.fid-b14a33a_1a0649d18bf_-5275","geometry":null,"properties":{"cd_recorte":"07013163508","cd_sudene":"1","nm_sudene":"Área de atuação da SUDENE","cd_mun":"3163508","nm_mun":"São José do Jacuri"},"bbox":[-18.389563,-42.806821,-18.09714,-42.55311]},{"type":"Feature","id":"qg_2021_070_areasudene.fid-b14a33a_1a0649d18bf_-5274","geometry":null,"properties":{"cd_recorte":"07013164100","cd_sudene":"1","nm_sudene":"Área de atuação da SUDENE","cd_mun":"3164100","nm_mun":"São Pedro do Suaçuí"},"bbox":[-18.509956,-42.712445,-18.221426,-42.451196]},{"type":"Feature","id":"qg_2021_070_areasudene.fid-b14a33a_1a0649d18bf_-5273","geometry":null,"properties":{"cd_recorte":"07013164209","cd_sudene":"1","nm_sudene":"Área de atuação da SUDENE","cd_mun":"3164209","nm_mun":"São Romão"},"bbox":[-16.611918,-45.830617,-16.096083,-45.038119]},{"type":"Feature","id":"qg_2021_070_areasudene.fid-b14a33a_1a0649d18bf_-5272","geometry":null,"properties":{"cd_recorte":"07013164472","cd_sudene":"1","nm_sudene":"Área de atuação da SUDENE","cd_mun":"3164472","nm_mun":"São Sebastião do Anta"},"bbox":[-19.565084,-42.006306,-19.445789,-41.878017]},{"type":"Feature","id":"qg_2021_070_areasudene.fid-b14a33a_1a0649d18bf_-5271","geometry":null,"properties":{"cd_recorte":"07013164506","cd_sudene":"1","nm_sudene":"Área de atuação da SUDENE","cd_mun":"3164506","nm_mun":"São Sebastião do Maranhão"},"bbox":[-18.190774,-42.703102,-17.900215,-42.418009]},{"type":"Feature","id":"qg_2021_070_areasudene.fid-b14a33a_1a0649d18bf_-5270","geometry":null,"properties":{"cd_recorte":"07013165503","cd_sudene":"1","nm_sudene":"Área de atuação da SUDENE","cd_mun":"3165503","nm_mun":"Sardoá"},"bbox":[-18.827608,-42.504642,-18.733652,-42.301283]},{"type":"Feature","id":"qg_2021_070_areasudene.fid-b14a33a_1a0649d18bf_-526f","geometry":null,"properties":{"cd_recorte":"07013165552","cd_sudene":"1","nm_sudene":"Área de atuação da SUDENE","cd_mun":"3165552","nm_mun":"Setubinha"},"bbox":[-17.777565,-42.288231,-17.441622,-41.980701]},{"type":"Feature","id":"qg_2021_070_areasudene.fid-b14a33a_1a0649d18bf_-526e","geometry":null,"properties":{"cd_recorte":"07013165909","cd_sudene":"1","nm_sudene":"Área de atuação da SUDENE","cd_mun":"3165909","nm_mun":"Senador Modestino Gonçalves"},"bbox":[-18.108847,-43.408177,-17.561468,-43.10686]},{"type":"Feature","id":"qg_2021_070_areasudene.fid-b14a33a_1a0649d18bf_-526d","geometry":null,"properties":{"cd_recorte":"07013166105","cd_sudene":"1","nm_sudene":"Área de atuação da SUDENE","cd_mun":"3166105","nm_mun":"Senhora do Porto"},"bbox":[-19.035451,-43.208973,-18.78975,-42.972224]},{"type":"Feature","id":"qg_2021_070_areasudene.fid-b14a33a_1a0649d18bf_-526c","geometry":null,"properties":{"cd_recorte":"07013166501","cd_sudene":"1","nm_sudene":"Área de atuação da SUDENE","cd_mun":"3166501","nm_mun":"Serra Azul de Minas"},"bbox":[-18.482112,-43.336406,-18.298965,-43.100401]},{"type":"Feature","id":"qg_2021_070_areasudene.fid-b14a33a_1a0649d18bf_-526a","geometry":null,"properties":{"cd_recorte":"07013166709","cd_sudene":"1","nm_sudene":"Área de atuação da SUDENE","cd_mun":"3166709","nm_mun":"Serra dos Aimorés"},"bbox":[-17.89494509,-40.34910903,-17.61199993,-40.17412729]},{"type":"Feature","id":"qg_2021_070_areasudene.fid-b14a33a_1a0649d18bf_-5269","geometry":null,"properties":{"cd_recorte":"07013166956","cd_sudene":"1","nm_sudene":"Área de atuação da SUDENE","cd_mun":"3166956","nm_mun":"Serranópolis de Minas"},"bbox":[-16.05408,-43.020884,-15.686667,-42.72158]},{"type":"Feature","id":"qg_2021_070_areasudene.fid-b14a33a_1a0649d18bf_-5268","geometry":null,"properties":{"cd_recorte":"07013167103","cd_sudene":"1","nm_sudene":"Área de atuação da SUDENE","cd_mun":"3167103","nm_mun":"Serro"},"bbox":[-18.759732,-43.609089,-18.275491,-43.185582]},{"type":"Feature","id":"qg_2021_070_areasudene.fid-b14a33a_1a0649d18bf_-5267","geometry":null,"properties":{"cd_recorte":"07013167707","cd_sudene":"1","nm_sudene":"Área de atuação da SUDENE","cd_mun":"3167707","nm_mun":"Sobrália"},"bbox":[-19.328446,-42.232358,-19.120776,-42.070722]},{"type":"Feature","id":"qg_2021_070_areasudene.fid-b14a33a_1a0649d18bf_-5266","geometry":null,"properties":{"cd_recorte":"07013168002","cd_sudene":"1","nm_sudene":"Área de atuação da SUDENE","cd_mun":"3168002","nm_mun":"Taiobeiras"},"bbox":[-16.016308,-42.327554,-15.620429,-41.858698]},{"type":"Feature","id":"qg_2021_070_areasudene.fid-b14a33a_1a0649d18bf_-5265","geometry":null,"properties":{"cd_recorte":"07013168051","cd_sudene":"1","nm_sudene":"Área de atuação da SUDENE","cd_mun":"3168051","nm_mun":"Taparuba"},"bbox":[-19.832077,-41.687657,-19.666555,-41.495327]},{"type":"Feature","id":"qg_2021_070_areasudene.fid-b14a33a_1a0649d18bf_-5264","geometry":null,"properties":{"cd_recorte":"07013168408","cd_sudene":"1","nm_sudene":"Área de atuação da SUDENE","cd_mun":"3168408","nm_mun":"Tarumirim"},"bbox":[-19.436311,-42.120031,-19.140067,-41.683426]},{"type":"Feature","id":"qg_2021_070_areasudene.fid-b14a33a_1a0649d18bf_-5263","geometry":null,"properties":{"cd_recorte":"07013168606","cd_sudene":"1","nm_sudene":"Área de atuação da SUDENE","cd_mun":"3168606","nm_mun":"Teófilo Otoni"},"bbox":[-18.041814,-41.672369,-17.33023,-41.040196]},{"type":"Feature","id":"qg_2021_070_areasudene.fid-b14a33a_1a0649d18bf_-5262","geometry":null,"properties":{"cd_recorte":"07013169505","cd_sudene":"1","nm_sudene":"Área de atuação da SUDENE","cd_mun":"3169505","nm_mun":"Tumiritinga"},"bbox":[-19.181046,-41.937347,-18.896397,-41.522729]},{"type":"Feature","id":"qg_2021_070_areasudene.fid-b14a33a_1a0649d18bf_-5261","geometry":null,"properties":{"cd_recorte":"07013169703","cd_sudene":"1","nm_sudene":"Área de atuação da SUDENE","cd_mun":"3169703","nm_mun":"Turmalina"},"bbox":[-17.500981,-43.083522,-17.016851,-42.558538]},{"type":"Feature","id":"qg_2021_070_areasudene.fid-b14a33a_1a0649d18bf_-5260","geometry":null,"properties":{"cd_recorte":"07013170008","cd_sudene":"1","nm_sudene":"Área de atuação da SUDENE","cd_mun":"3170008","nm_mun":"Ubaí"},"bbox":[-16.551951,-45.07433,-16.178165,-44.666572]},{"type":"Feature","id":"qg_2021_070_areasudene.fid-b14a33a_1a0649d18bf_-525f","geometry":null,"properties":{"cd_recorte":"07013170057","cd_sudene":"1","nm_sudene":"Área de atuação da SUDENE","cd_mun":"3170057","nm_mun":"Ubaporanga"},"bbox":[-19.741079,-42.166984,-19.591813,-41.956434]},{"type":"Feature","id":"qg_2021_070_areasudene.fid-b14a33a_1a0649d18bf_-525e","geometry":null,"properties":{"cd_recorte":"07013170305","cd_sudene":"1","nm_sudene":"Área de atuação da SUDENE","cd_mun":"3170305","nm_mun":"Umburatiba"},"bbox":[-17.396352,-40.783564,-17.14959624,-40.5477509]},{"type":"Feature","id":"qg_2021_070_areasudene.fid-b14a33a_1a0649d18bf_-525d","geometry":null,"properties":{"cd_recorte":"07013170479","cd_sudene":"1","nm_sudene":"Área de atuação da SUDENE","cd_mun":"3170479","nm_mun":"Uruana de Minas"},"bbox":[-16.321458,-46.46324088,-15.87516585,-46.183626]},{"type":"Feature","id":"qg_2021_070_areasudene.fid-b14a33a_1a0649d18bf_-525c","geometry":null,"properties":{"cd_recorte":"07013170529","cd_sudene":"1","nm_sudene":"Área de atuação da SUDENE","cd_mun":"3170529","nm_mun":"Urucuia"},"bbox":[-16.325341,-45.917719,-15.718404,-45.303921]},{"type":"Feature","id":"qg_2021_070_areasudene.fid-b14a33a_1a0649d18bf_-525b","geometry":null,"properties":{"cd_recorte":"07013170651","cd_sudene":"1","nm_sudene":"Área de atuação da SUDENE","cd_mun":"3170651","nm_mun":"Vargem Grande do Rio Pardo"},"bbox":[-15.473227,-42.422224,-15.190732,-42.197446]},{"type":"Feature","id":"qg_2021_070_areasudene.fid-b14a33a_1a0649d18bf_-525a","geometry":null,"properties":{"cd_recorte":"07013170800","cd_sudene":"1","nm_sudene":"Área de atuação da SUDENE","cd_mun":"3170800","nm_mun":"Várzea da Palma"},"bbox":[-17.782942,-45.045511,-17.051313,-44.433754]},{"type":"Feature","id":"qg_2021_070_areasudene.fid-b14a33a_1a0649d18bf_-5259","geometry":null,"properties":{"cd_recorte":"07013170909","cd_sudene":"1","nm_sudene":"Área de atuação da SUDENE","cd_mun":"3170909","nm_mun":"Varzelândia"},"bbox":[-15.789435,-44.089976,-15.485548,-43.761429]},{"type":"Feature","id":"qg_2021_070_areasudene.fid-b14a33a_1a0649d18bf_-5258","geometry":null,"properties":{"cd_recorte":"07013171030","cd_sudene":"1","nm_sudene":"Área de atuação da SUDENE","cd_mun":"3171030","nm_mun":"Verdelândia"},"bbox":[-15.780897,-43.909192,-15.34409491,-43.363153]},{"type":"Feature","id":"qg_2021_070_areasudene.fid-b14a33a_1a0649d18bf_-5257","geometry":null,"properties":{"cd_recorte":"07013171071","cd_sudene":"1","nm_sudene":"Área de atuação da SUDENE","cd_mun":"3171071","nm_mun":"Veredinha"},"bbox":[-17.691219,-42.884402,-17.328065,-42.540156]},{"type":"Feature","id":"qg_2021_070_areasudene.fid-b14a33a_1a0649d18bf_-5256","geometry":null,"properties":{"cd_recorte":"07013171501","cd_sudene":"1","nm_sudene":"Área de atuação da SUDENE","cd_mun":"3171501","nm_mun":"Mathias Lobato"},"bbox":[-18.672366,-42.020238,-18.534342,-41.819237]},{"type":"Feature","id":"qg_2021_070_areasudene.fid-b14a33a_1a0649d18bf_-5255","geometry":null,"properties":{"cd_recorte":"07013171600","cd_sudene":"1","nm_sudene":"Área de atuação da SUDENE","cd_mun":"3171600","nm_mun":"Virgem da Lapa"},"bbox":[-16.917073,-42.492508,-16.467102,-42.138517]},{"type":"Feature","id":"qg_2021_070_areasudene.fid-b14a33a_1a0649d18bf_-5254","geometry":null,"properties":{"cd_recorte":"07013171808","cd_sudene":"1","nm_sudene":"Área de atuação da SUDENE","cd_mun":"3171808","nm_mun":"Virginópolis"},"bbox":[-18.9513,-42.777644,-18.650402,-42.534938]},{"type":"Feature","id":"qg_2021_070_areasudene.fid-b14a33a_1a0649d18bf_-5253","geometry":null,"properties":{"cd_recorte":"07013171907","cd_sudene":"1","nm_sudene":"Área de atuação da SUDENE","cd_mun":"3171907","nm_mun":"Virgolândia"},"bbox":[-18.569383,-42.409585,-18.355455,-42.202569]},{"type":"Feature","id":"qg_2021_070_areasudene.fid-b14a33a_1a0649d18bf_-5252","geometry":null,"properties":{"cd_recorte":"07023100104","cd_sudene":"2","nm_sudene":"NÃO-Área de atuação da SUDENE","cd_mun":"3100104","nm_mun":"Abadia dos Dourados"},"bbox":[-18.588557,-47.67974835,-18.15839273,-47.296025]},{"type":"Feature","id":"qg_2021_070_areasudene.fid-b14a33a_1a0649d18bf_-5251","geometry":null,"properties":{"cd_recorte":"07023100203","cd_sudene":"2","nm_sudene":"NÃO-Área de atuação da SUDENE","cd_mun":"3100203","nm_mun":"Abaeté"},"bbox":[-19.318784,-45.659722,-18.875965,-45.080241]},{"type":"Feature","id":"qg_2021_070_areasudene.fid-b14a33a_1a0649d18bf_-5250","geometry":null,"properties":{"cd_recorte":"07023100302","cd_sudene":"2","nm_sudene":"NÃO-Área de atuação da SUDENE","cd_mun":"3100302","nm_mun":"Abre Campo"},"bbox":[-20.44034,-42.559449,-20.121676,-42.310709]},{"type":"Feature","id":"qg_2021_070_areasudene.fid-b14a33a_1a0649d18bf_-524f","geometry":null,"properties":{"cd_recorte":"07023100401","cd_sudene":"2","nm_sudene":"NÃO-Área de atuação da SUDENE","cd_mun":"3100401","nm_mun":"Acaiaca"},"bbox":[-20.455933,-43.1686,-20.340657,-43.023355]},{"type":"Feature","id":"qg_2021_070_areasudene.fid-b14a33a_1a0649d18bf_-524e","geometry":null,"properties":{"cd_recorte":"07023100708","cd_sudene":"2","nm_sudene":"NÃO-Área de atuação da SUDENE","cd_mun":"3100708","nm_mun":"Água Comprida"},"bbox":[-20.14842956,-48.20340964,-19.843573,-47.98116008]},{"type":"Feature","id":"qg_2021_070_areasudene.fid-b14a33a_1a0649d18bf_-524d","geometry":null,"properties":{"cd_recorte":"07023100807","cd_sudene":"2","nm_sudene":"NÃO-Área de atuação da SUDENE","cd_mun":"3100807","nm_mun":"Aguanil"},"bbox":[-21.077775,-45.537174,-20.886124,-45.342316]},{"type":"Feature","id":"qg_2021_070_areasudene.fid-b14a33a_1a0649d18bf_-524c","geometry":null,"properties":{"cd_recorte":"07023101201","cd_sudene":"2","nm_sudene":"NÃO-Área de atuação da SUDENE","cd_mun":"3101201","nm_mun":"Aiuruoca"},"bbox":[-22.162971,-44.765464,-21.740939,-44.527858]},{"type":"Feature","id":"qg_2021_070_areasudene.fid-b14a33a_1a0649d18bf_-524b","geometry":null,"properties":{"cd_recorte":"07023101300","cd_sudene":"2","nm_sudene":"NÃO-Área de atuação da SUDENE","cd_mun":"3101300","nm_mun":"Alagoa"},"bbox":[-22.23889,-44.772809,-22.127198,-44.559757]},{"type":"Feature","id":"qg_2021_070_areasudene.fid-b14a33a_1a0649d18bf_-524a","geometry":null,"properties":{"cd_recorte":"07023101409","cd_sudene":"2","nm_sudene":"NÃO-Área de atuação da SUDENE","cd_mun":"3101409","nm_mun":"Albertina"},"bbox":[-22.227462,-46.68062666,-22.17085,-46.533043]},{"type":"Feature","id":"qg_2021_070_areasudene.fid-b14a33a_1a0649d18bf_-5249","geometry":null,"properties":{"cd_recorte":"07023101508","cd_sudene":"2","nm_sudene":"NÃO-Área de atuação da SUDENE","cd_mun":"3101508","nm_mun":"Além Paraíba"},"bbox":[-21.9907235,-42.932513,-21.66451499,-42.593822]},{"type":"Feature","id":"qg_2021_070_areasudene.fid-b14a33a_1a0649d18bf_-5248","geometry":null,"properties":{"cd_recorte":"07023101607","cd_sudene":"2","nm_sudene":"NÃO-Área de atuação da SUDENE","cd_mun":"3101607","nm_mun":"Alfenas"},"bbox":[-21.586646,-46.189155,-21.140038,-45.819326]},{"type":"Feature","id":"qg_2021_070_areasudene.fid-b14a33a_1a0649d18bf_-5247","geometry":null,"properties":{"cd_recorte":"07023101631","cd_sudene":"2","nm_sudene":"NÃO-Área de atuação da SUDENE","cd_mun":"3101631","nm_mun":"Alfredo Vasconcelos"},"bbox":[-21.188996,-43.830474,-21.09033,-43.600639]},{"type":"Feature","id":"qg_2021_070_areasudene.fid-b14a33a_1a0649d18bf_-5246","geometry":null,"properties":{"cd_recorte":"07023101904","cd_sudene":"2","nm_sudene":"NÃO-Área de atuação da SUDENE","cd_mun":"3101904","nm_mun":"Alpinópolis"},"bbox":[-20.989601,-46.528954,-20.664379,-46.250976]},{"type":"Feature","id":"qg_2021_070_areasudene.fid-b14a33a_1a0649d18bf_-5245","geometry":null,"properties":{"cd_recorte":"07023102001","cd_sudene":"2","nm_sudene":"NÃO-Área de atuação da SUDENE","cd_mun":"3102001","nm_mun":"Alterosa"},"bbox":[-21.321082,-46.349269,-21.144584,-46.016811]},{"type":"Feature","id":"qg_2021_070_areasudene.fid-b14a33a_1a0649d18bf_-5244","geometry":null,"properties":{"cd_recorte":"07023102050","cd_sudene":"2","nm_sudene":"NÃO-Área de atuação da SUDENE","cd_mun":"3102050","nm_mun":"Alto Caparaó"},"bbox":[-20.516619,-41.962515,-20.397955,-41.79822987]},{"type":"Feature","id":"qg_2021_070_areasudene.fid-b14a33a_1a0649d18bf_-5243","geometry":null,"properties":{"cd_recorte":"07023102100","cd_sudene":"2","nm_sudene":"NÃO-Área de atuação da SUDENE","cd_mun":"3102100","nm_mun":"Alto Rio Doce"},"bbox":[-21.16684,-43.580932,-20.928885,-43.231]},{"type":"Feature","id":"qg_2021_070_areasudene.fid-b14a33a_1a0649d18bf_-5242","geometry":null,"properties":{"cd_recorte":"07023102308","cd_sudene":"2","nm_sudene":"NÃO-Área de atuação da SUDENE","cd_mun":"3102308","nm_mun":"Alvinópolis"},"bbox":[-20.217204,-43.361444,-20.004157,-42.927534]},{"type":"Feature","id":"qg_2021_070_areasudene.fid-b14a33a_1a0649d18bf_-5241","geometry":null,"properties":{"cd_recorte":"07023102407","cd_sudene":"2","nm_sudene":"NÃO-Área de atuação da SUDENE","cd_mun":"3102407","nm_mun":"Alvorada de Minas"},"bbox":[-18.889157,-43.536341,-18.66346,-43.229118]},{"type":"Feature","id":"qg_2021_070_areasudene.fid-b14a33a_1a0649d18bf_-5240","geometry":null,"properties":{"cd_recorte":"07023102506","cd_sudene":"2","nm_sudene":"NÃO-Área de atuação da SUDENE","cd_mun":"3102506","nm_mun":"Amparo do Serra"},"bbox":[-20.606723,-42.872523,-20.451682,-42.723792]},{"type":"Feature","id":"qg_2021_070_areasudene.fid-b14a33a_1a0649d18bf_-523f","geometry":null,"properties":{"cd_recorte":"07023102605","cd_sudene":"2","nm_sudene":"NÃO-Área de atuação da SUDENE","cd_mun":"3102605","nm_mun":"Andradas"},"bbox":[-22.189264,-46.72344302,-21.925476,-46.427115]},{"type":"Feature","id":"qg_2021_070_areasudene.fid-b14a33a_1a0649d18bf_-523e","geometry":null,"properties":{"cd_recorte":"07023102803","cd_sudene":"2","nm_sudene":"NÃO-Área de atuação da SUDENE","cd_mun":"3102803","nm_mun":"Andrelândia"},"bbox":[-21.928755,-44.50109,-21.540001,-44.068306]},{"type":"Feature","id":"qg_2021_070_areasudene.fid-b14a33a_1a0649d18bf_-523c","geometry":null,"properties":{"cd_recorte":"07023102902","cd_sudene":"2","nm_sudene":"NÃO-Área de atuação da SUDENE","cd_mun":"3102902","nm_mun":"Antônio Carlos"},"bbox":[-21.58630399,-43.891149,-21.270055,-43.631047]},{"type":"Feature","id":"qg_2021_070_areasudene.fid-b14a33a_1a0649d18bf_-523b","geometry":null,"properties":{"cd_recorte":"07023103009","cd_sudene":"2","nm_sudene":"NÃO-Área de atuação da SUDENE","cd_mun":"3103009","nm_mun":"Antônio Dias"},"bbox":[-19.749734,-43.064134,-19.407039,-42.66703887]},{"type":"Feature","id":"qg_2021_070_areasudene.fid-b14a33a_1a0649d18bf_-523a","geometry":null,"properties":{"cd_recorte":"07023103108","cd_sudene":"2","nm_sudene":"NÃO-Área de atuação da SUDENE","cd_mun":"3103108","nm_mun":"Antônio Prado de Minas"},"bbox":[-21.07479571,-42.225832,-20.973695,-42.07987004]},{"type":"Feature","id":"qg_2021_070_areasudene.fid-b14a33a_1a0649d18bf_-5239","geometry":null,"properties":{"cd_recorte":"07023103207","cd_sudene":"2","nm_sudene":"NÃO-Área de atuação da SUDENE","cd_mun":"3103207","nm_mun":"Araçaí"},"bbox":[-19.339899,-44.30092,-19.16105,-44.138318]},{"type":"Feature","id":"qg_2021_070_areasudene.fid-b14a33a_1a0649d18bf_-5238","geometry":null,"properties":{"cd_recorte":"07023103306","cd_sudene":"2","nm_sudene":"NÃO-Área de atuação da SUDENE","cd_mun":"3103306","nm_mun":"Aracitaba"},"bbox":[-21.415458,-43.499839,-21.281875,-43.324203]},{"type":"Feature","id":"qg_2021_070_areasudene.fid-b14a33a_1a0649d18bf_-5237","geometry":null,"properties":{"cd_recorte":"07023103504","cd_sudene":"2","nm_sudene":"NÃO-Área de atuação da SUDENE","cd_mun":"3103504","nm_mun":"Araguari"},"bbox":[-18.890954,-48.666431,-18.32388647,-47.872512]},{"type":"Feature","id":"qg_2021_070_areasudene.fid-b14a33a_1a0649d18bf_-5236","geometry":null,"properties":{"cd_recorte":"07023103603","cd_sudene":"2","nm_sudene":"NÃO-Área de atuação da SUDENE","cd_mun":"3103603","nm_mun":"Arantina"},"bbox":[-21.977063,-44.289304,-21.824757,-44.163205]},{"type":"Feature","id":"qg_2021_070_areasudene.fid-b14a33a_1a0649d18bf_-5235","geometry":null,"properties":{"cd_recorte":"07023103702","cd_sudene":"2","nm_sudene":"NÃO-Área de atuação da SUDENE","cd_mun":"3103702","nm_mun":"Araponga"},"bbox":[-20.777266,-42.650478,-20.55656,-42.377101]},{"type":"Feature","id":"qg_2021_070_areasudene.fid-b14a33a_1a0649d18bf_-5234","geometry":null,"properties":{"cd_recorte":"07023103751","cd_sudene":"2","nm_sudene":"NÃO-Área de atuação da SUDENE","cd_mun":"3103751","nm_mun":"Araporã"},"bbox":[-18.569702,-49.24934967,-18.38431434,-49.003804]},{"type":"Feature","id":"qg_2021_070_areasudene.fid-b14a33a_1a0649d18bf_-5233","geometry":null,"properties":{"cd_recorte":"07023103801","cd_sudene":"2","nm_sudene":"NÃO-Área de atuação da SUDENE","cd_mun":"3103801","nm_mun":"Arapuá"},"bbox":[-19.109413,-46.217436,-18.94151,-46.036211]},{"type":"Feature","id":"qg_2021_070_areasudene.fid-b14a33a_1a0649d18bf_-5232","geometry":null,"properties":{"cd_recorte":"07023103900","cd_sudene":"2","nm_sudene":"NÃO-Área de atuação da SUDENE","cd_mun":"3103900","nm_mun":"Araújos"},"bbox":[-19.990599,-45.267228,-19.77941,-45.09936]},{"type":"Feature","id":"qg_2021_070_areasudene.fid-b14a33a_1a0649d18bf_-5231","geometry":null,"properties":{"cd_recorte":"07023104007","cd_sudene":"2","nm_sudene":"NÃO-Área de atuação da SUDENE","cd_mun":"3104007","nm_mun":"Araxá"},"bbox":[-19.836786,-47.23453931,-19.431738,-46.739869]},{"type":"Feature","id":"qg_2021_070_areasudene.fid-b14a33a_1a0649d18bf_-5230","geometry":null,"properties":{"cd_recorte":"07023104106","cd_sudene":"2","nm_sudene":"NÃO-Área de atuação da SUDENE","cd_mun":"3104106","nm_mun":"Arceburgo"},"bbox":[-21.42713131,-47.01624703,-21.277874,-46.873463]},{"type":"Feature","id":"qg_2021_070_areasudene.fid-b14a33a_1a0649d18bf_-522f","geometry":null,"properties":{"cd_recorte":"07023104205","cd_sudene":"2","nm_sudene":"NÃO-Área de atuação da SUDENE","cd_mun":"3104205","nm_mun":"Arcos"},"bbox":[-20.399653,-45.666388,-20.070471,-45.385522]},{"type":"Feature","id":"qg_2021_070_areasudene.fid-b14a33a_1a0649d18bf_-522e","geometry":null,"properties":{"cd_recorte":"07023104304","cd_sudene":"2","nm_sudene":"NÃO-Área de atuação da SUDENE","cd_mun":"3104304","nm_mun":"Areado"},"bbox":[-21.446683,-46.244718,-21.255872,-46.010877]},{"type":"Feature","id":"qg_2021_070_areasudene.fid-b14a33a_1a0649d18bf_-522d","geometry":null,"properties":{"cd_recorte":"07023104403","cd_sudene":"2","nm_sudene":"NÃO-Área de atuação da SUDENE","cd_mun":"3104403","nm_mun":"Argirita"},"bbox":[-21.711212,-42.919645,-21.54374499,-42.746162]},{"type":"Feature","id":"qg_2021_070_areasudene.fid-b14a33a_1a0649d18bf_-522c","geometry":null,"properties":{"cd_recorte":"07023104601","cd_sudene":"2","nm_sudene":"NÃO-Área de atuação da SUDENE","cd_mun":"3104601","nm_mun":"Astolfo Dutra"},"bbox":[-21.404139,-42.955168,-21.239557,-42.812739]},{"type":"Feature","id":"qg_2021_070_areasudene.fid-b14a33a_1a0649d18bf_-522b","geometry":null,"properties":{"cd_recorte":"07023104809","cd_sudene":"2","nm_sudene":"NÃO-Área de atuação da SUDENE","cd_mun":"3104809","nm_mun":"Augusto de Lima"},"bbox":[-18.251879,-44.503803,-17.949555,-43.944493]},{"type":"Feature","id":"qg_2021_070_areasudene.fid-b14a33a_1a0649d18bf_-522a","geometry":null,"properties":{"cd_recorte":"07023104908","cd_sudene":"2","nm_sudene":"NÃO-Área de atuação da SUDENE","cd_mun":"3104908","nm_mun":"Baependi"},"bbox":[-22.203956,-44.997931,-21.828573,-44.671842]},{"type":"Feature","id":"qg_2021_070_areasudene.fid-b14a33a_1a0649d18bf_-5229","geometry":null,"properties":{"cd_recorte":"07023105004","cd_sudene":"2","nm_sudene":"NÃO-Área de atuação da SUDENE","cd_mun":"3105004","nm_mun":"Baldim"},"bbox":[-19.43348,-44.020237,-19.058973,-43.736353]},{"type":"Feature","id":"qg_2021_070_areasudene.fid-b14a33a_1a0649d18bf_-5228","geometry":null,"properties":{"cd_recorte":"07023105103","cd_sudene":"2","nm_sudene":"NÃO-Área de atuação da SUDENE","cd_mun":"3105103","nm_mun":"Bambuí"},"bbox":[-20.356043,-46.227331,-19.891646,-45.759453]},{"type":"Feature","id":"qg_2021_070_areasudene.fid-b14a33a_1a0649d18bf_-5227","geometry":null,"properties":{"cd_recorte":"07023105301","cd_sudene":"2","nm_sudene":"NÃO-Área de atuação da SUDENE","cd_mun":"3105301","nm_mun":"Bandeira do Sul"},"bbox":[-21.759889,-46.434985,-21.69262899,-46.328785]},{"type":"Feature","id":"qg_2021_070_areasudene.fid-b14a33a_1a0649d18bf_-5226","geometry":null,"properties":{"cd_recorte":"07023105400","cd_sudene":"2","nm_sudene":"NÃO-Área de atuação da SUDENE","cd_mun":"3105400","nm_mun":"Barão de Cocais"},"bbox":[-20.031989,-43.639164,-19.760761,-43.382597]},{"type":"Feature","id":"qg_2021_070_areasudene.fid-b14a33a_1a0649d18bf_-5225","geometry":null,"properties":{"cd_recorte":"07023105509","cd_sudene":"2","nm_sudene":"NÃO-Área de atuação da SUDENE","cd_mun":"3105509","nm_mun":"Barão de Monte Alto"},"bbox":[-21.350043,-42.365094,-21.186527,-42.18809256]},{"type":"Feature","id":"qg_2021_070_areasudene.fid-b14a33a_1a0649d18bf_-5224","geometry":null,"properties":{"cd_recorte":"07023105608","cd_sudene":"2","nm_sudene":"NÃO-Área de atuação da SUDENE","cd_mun":"3105608","nm_mun":"Barbacena"},"bbox":[-21.387235,-44.028745,-21.117882,-43.580504]},{"type":"Feature","id":"qg_2021_070_areasudene.fid-b14a33a_1a0649d18bf_-5222","geometry":null,"properties":{"cd_recorte":"07023105707","cd_sudene":"2","nm_sudene":"NÃO-Área de atuação da SUDENE","cd_mun":"3105707","nm_mun":"Barra Longa"},"bbox":[-20.413065,-43.182937,-20.166416,-42.948576]},{"type":"Feature","id":"qg_2021_070_areasudene.fid-b14a33a_1a0649d18bf_-5221","geometry":null,"properties":{"cd_recorte":"07023105905","cd_sudene":"2","nm_sudene":"NÃO-Área de atuação da SUDENE","cd_mun":"3105905","nm_mun":"Barroso"},"bbox":[-21.230921,-44.013387,-21.121208,-43.896246]},{"type":"Feature","id":"qg_2021_070_areasudene.fid-b14a33a_1a0649d18bf_-5220","geometry":null,"properties":{"cd_recorte":"07023106002","cd_sudene":"2","nm_sudene":"NÃO-Área de atuação da SUDENE","cd_mun":"3106002","nm_mun":"Bela Vista de Minas"},"bbox":[-19.886502,-43.195727,-19.725965,-43.009167]},{"type":"Feature","id":"qg_2021_070_areasudene.fid-b14a33a_1a0649d18bf_-521f","geometry":null,"properties":{"cd_recorte":"07023106101","cd_sudene":"2","nm_sudene":"NÃO-Área de atuação da SUDENE","cd_mun":"3106101","nm_mun":"Belmiro Braga"},"bbox":[-22.08861278,-43.638194,-21.85425999,-43.32664976]},{"type":"Feature","id":"qg_2021_070_areasudene.fid-b14a33a_1a0649d18bf_-521e","geometry":null,"properties":{"cd_recorte":"07023106200","cd_sudene":"2","nm_sudene":"NÃO-Área de atuação da SUDENE","cd_mun":"3106200","nm_mun":"Belo Horizonte"},"bbox":[-20.05969905,-44.0633406,-19.77642642,-43.85722341]},{"type":"Feature","id":"qg_2021_070_areasudene.fid-b14a33a_1a0649d18bf_-521d","geometry":null,"properties":{"cd_recorte":"07023106309","cd_sudene":"2","nm_sudene":"NÃO-Área de atuação da SUDENE","cd_mun":"3106309","nm_mun":"Belo Oriente"},"bbox":[-19.360024,-42.555789,-19.155294,-42.314081]},{"type":"Feature","id":"qg_2021_070_areasudene.fid-b14a33a_1a0649d18bf_-521c","geometry":null,"properties":{"cd_recorte":"07023106408","cd_sudene":"2","nm_sudene":"NÃO-Área de atuação da SUDENE","cd_mun":"3106408","nm_mun":"Belo Vale"},"bbox":[-20.511153,-44.173846,-20.299062,-43.914786]},{"type":"Feature","id":"qg_2021_070_areasudene.fid-b14a33a_1a0649d18bf_-521b","geometry":null,"properties":{"cd_recorte":"07023106705","cd_sudene":"2","nm_sudene":"NÃO-Área de atuação da SUDENE","cd_mun":"3106705","nm_mun":"Betim"},"bbox":[-20.05177699,-44.31738174,-19.83175263,-44.06737126]},{"type":"Feature","id":"qg_2021_070_areasudene.fid-b14a33a_1a0649d18bf_-521a","geometry":null,"properties":{"cd_recorte":"07023106804","cd_sudene":"2","nm_sudene":"NÃO-Área de atuação da SUDENE","cd_mun":"3106804","nm_mun":"Bias Fortes"},"bbox":[-21.720344,-43.873136,-21.519517,-43.665915]},{"type":"Feature","id":"qg_2021_070_areasudene.fid-b14a33a_1a0649d18bf_-5219","geometry":null,"properties":{"cd_recorte":"07023106903","cd_sudene":"2","nm_sudene":"NÃO-Área de atuação da SUDENE","cd_mun":"3106903","nm_mun":"Bicas"},"bbox":[-21.80569199,-43.187745,-21.65785299,-43.020122]},{"type":"Feature","id":"qg_2021_070_areasudene.fid-b14a33a_1a0649d18bf_-5218","geometry":null,"properties":{"cd_recorte":"07023107000","cd_sudene":"2","nm_sudene":"NÃO-Área de atuação da SUDENE","cd_mun":"3107000","nm_mun":"Biquinhas"},"bbox":[-18.874554,-45.702105,-18.655741,-45.35464]},{"type":"Feature","id":"qg_2021_070_areasudene.fid-b14a33a_1a0649d18bf_-5217","geometry":null,"properties":{"cd_recorte":"07023107109","cd_sudene":"2","nm_sudene":"NÃO-Área de atuação da SUDENE","cd_mun":"3107109","nm_mun":"Boa Esperança"},"bbox":[-21.253827,-45.928281,-20.861458,-45.391508]},{"type":"Feature","id":"qg_2021_070_areasudene.fid-b14a33a_1a0649d18bf_-5216","geometry":null,"properties":{"cd_recorte":"07023107208","cd_sudene":"2","nm_sudene":"NÃO-Área de atuação da SUDENE","cd_mun":"3107208","nm_mun":"Bocaina de Minas"},"bbox":[-22.3805568,-44.667056,-22.102092,-44.319375]},{"type":"Feature","id":"qg_2021_070_areasudene.fid-b14a33a_1a0649d18bf_-5215","geometry":null,"properties":{"cd_recorte":"07023107406","cd_sudene":"2","nm_sudene":"NÃO-Área de atuação da SUDENE","cd_mun":"3107406","nm_mun":"Bom Despacho"},"bbox":[-19.917322,-45.523734,-19.498618,-45.087961]},{"type":"Feature","id":"qg_2021_070_areasudene.fid-b14a33a_1a0649d18bf_-5214","geometry":null,"properties":{"cd_recorte":"07023107505","cd_sudene":"2","nm_sudene":"NÃO-Área de atuação da SUDENE","cd_mun":"3107505","nm_mun":"Bom Jardim de Minas"},"bbox":[-22.07556699,-44.256582,-21.796646,-43.976927]},{"type":"Feature","id":"qg_2021_070_areasudene.fid-b14a33a_1a0649d18bf_-5213","geometry":null,"properties":{"cd_recorte":"07023107604","cd_sudene":"2","nm_sudene":"NÃO-Área de atuação da SUDENE","cd_mun":"3107604","nm_mun":"Bom Jesus da Penha"},"bbox":[-21.087109,-46.642431,-20.930582,-46.424786]},{"type":"Feature","id":"qg_2021_070_areasudene.fid-b14a33a_1a0649d18bf_-5212","geometry":null,"properties":{"cd_recorte":"07023107703","cd_sudene":"2","nm_sudene":"NÃO-Área de atuação da SUDENE","cd_mun":"3107703","nm_mun":"Bom Jesus do Amparo"},"bbox":[-19.788143,-43.548802,-19.623893,-43.386472]},{"type":"Feature","id":"qg_2021_070_areasudene.fid-b14a33a_1a0649d18bf_-5211","geometry":null,"properties":{"cd_recorte":"07023107802","cd_sudene":"2","nm_sudene":"NÃO-Área de atuação da SUDENE","cd_mun":"3107802","nm_mun":"Bom Jesus do Galho"},"bbox":[-19.937287,-42.524176,-19.514924,-42.205092]},{"type":"Feature","id":"qg_2021_070_areasudene.fid-b14a33a_1a0649d18bf_-5210","geometry":null,"properties":{"cd_recorte":"07023107901","cd_sudene":"2","nm_sudene":"NÃO-Área de atuação da SUDENE","cd_mun":"3107901","nm_mun":"Bom Repouso"},"bbox":[-22.519817,-46.282727,-22.361057,-46.085024]},{"type":"Feature","id":"qg_2021_070_areasudene.fid-b14a33a_1a0649d18bf_-520f","geometry":null,"properties":{"cd_recorte":"07023108008","cd_sudene":"2","nm_sudene":"NÃO-Área de atuação da SUDENE","cd_mun":"3108008","nm_mun":"Bom Sucesso"},"bbox":[-21.181741,-44.979002,-20.848883,-44.618238]},{"type":"Feature","id":"qg_2021_070_areasudene.fid-b14a33a_1a0649d18bf_-520e","geometry":null,"properties":{"cd_recorte":"07023108107","cd_sudene":"2","nm_sudene":"NÃO-Área de atuação da SUDENE","cd_mun":"3108107","nm_mun":"Bonfim"},"bbox":[-20.423869,-44.330933,-20.216971,-44.113863]},{"type":"Feature","id":"qg_2021_070_areasudene.fid-b14a33a_1a0649d18bf_-520d","geometry":null,"properties":{"cd_recorte":"07023108305","cd_sudene":"2","nm_sudene":"NÃO-Área de atuação da SUDENE","cd_mun":"3108305","nm_mun":"Borda da Mata"},"bbox":[-22.372631,-46.299568,-22.135061,-46.037764]},{"type":"Feature","id":"qg_2021_070_areasudene.fid-b14a33a_1a0649d18bf_-520c","geometry":null,"properties":{"cd_recorte":"07023108404","cd_sudene":"2","nm_sudene":"NÃO-Área de atuação da SUDENE","cd_mun":"3108404","nm_mun":"Botelhos"},"bbox":[-21.75846,-46.55472342,-21.541656,-46.278129]},{"type":"Feature","id":"qg_2021_070_areasudene.fid-b14a33a_1a0649d18bf_-520b","geometry":null,"properties":{"cd_recorte":"07023108552","cd_sudene":"2","nm_sudene":"NÃO-Área de atuação da SUDENE","cd_mun":"3108552","nm_mun":"Brasilândia de Minas"},"bbox":[-17.194364,-46.213994,-16.693257,-45.503056]},{"type":"Feature","id":"qg_2021_070_areasudene.fid-b14a33a_1a0649d18bf_-520a","geometry":null,"properties":{"cd_recorte":"07023108701","cd_sudene":"2","nm_sudene":"NÃO-Área de atuação da SUDENE","cd_mun":"3108701","nm_mun":"Brás Pires"},"bbox":[-20.96897,-43.308504,-20.794225,-43.144132]},{"type":"Feature","id":"qg_2021_070_areasudene.fid-b14a33a_1a0649d18bf_-5209","geometry":null,"properties":{"cd_recorte":"07023108909","cd_sudene":"2","nm_sudene":"NÃO-Área de atuação da SUDENE","cd_mun":"3108909","nm_mun":"Brazópolis"},"bbox":[-22.65120117,-45.704778,-22.330267,-45.542096]},{"type":"Feature","id":"qg_2021_070_areasudene.fid-b14a33a_1a0649d18bf_-5208","geometry":null,"properties":{"cd_recorte":"07023109006","cd_sudene":"2","nm_sudene":"NÃO-Área de atuação da SUDENE","cd_mun":"3109006","nm_mun":"Brumadinho"},"bbox":[-20.318813,-44.350795,-20.05433025,-43.964575]},{"type":"Feature","id":"qg_2021_070_areasudene.fid-b14a33a_1a0649d18bf_-5207","geometry":null,"properties":{"cd_recorte":"07023109105","cd_sudene":"2","nm_sudene":"NÃO-Área de atuação da SUDENE","cd_mun":"3109105","nm_mun":"Bueno Brandão"},"bbox":[-22.602216,-46.460985,-22.374415,-46.252426]},{"type":"Feature","id":"qg_2021_070_areasudene.fid-b14a33a_1a0649d18bf_-5206","geometry":null,"properties":{"cd_recorte":"07023109204","cd_sudene":"2","nm_sudene":"NÃO-Área de atuação da SUDENE","cd_mun":"3109204","nm_mun":"Buenópolis"},"bbox":[-18.141038,-44.405404,-17.55526,-43.763653]},{"type":"Feature","id":"qg_2021_070_areasudene.fid-b14a33a_1a0649d18bf_-5205","geometry":null,"properties":{"cd_recorte":"07023109253","cd_sudene":"2","nm_sudene":"NÃO-Área de atuação da SUDENE","cd_mun":"3109253","nm_mun":"Bugre"},"bbox":[-19.447589,-42.390519,-19.266906,-42.238107]},{"type":"Feature","id":"qg_2021_070_areasudene.fid-b14a33a_1a0649d18bf_-5204","geometry":null,"properties":{"cd_recorte":"07023109303","cd_sudene":"2","nm_sudene":"NÃO-Área de atuação da SUDENE","cd_mun":"3109303","nm_mun":"Buritis"},"bbox":[-15.87061771,-46.94909665,-15.00908167,-46.248263]},{"type":"Feature","id":"qg_2021_070_areasudene.fid-b14a33a_1a0649d18bf_-5203","geometry":null,"properties":{"cd_recorte":"07023109451","cd_sudene":"2","nm_sudene":"NÃO-Área de atuação da SUDENE","cd_mun":"3109451","nm_mun":"Cabeceira Grande"},"bbox":[-16.221445,-47.35273217,-15.91662823,-46.888282]},{"type":"Feature","id":"qg_2021_070_areasudene.fid-b14a33a_1a0649d18bf_-5202","geometry":null,"properties":{"cd_recorte":"07023109501","cd_sudene":"2","nm_sudene":"NÃO-Área de atuação da SUDENE","cd_mun":"3109501","nm_mun":"Cabo Verde"},"bbox":[-21.589315,-46.5241757,-21.37749,-46.209348]},{"type":"Feature","id":"qg_2021_070_areasudene.fid-b14a33a_1a0649d18bf_-5201","geometry":null,"properties":{"cd_recorte":"07023109600","cd_sudene":"2","nm_sudene":"NÃO-Área de atuação da SUDENE","cd_mun":"3109600","nm_mun":"Cachoeira da Prata"},"bbox":[-19.556276,-44.525323,-19.470681,-44.405071]},{"type":"Feature","id":"qg_2021_070_areasudene.fid-b14a33a_1a0649d18bf_-5200","geometry":null,"properties":{"cd_recorte":"07023109709","cd_sudene":"2","nm_sudene":"NÃO-Área de atuação da SUDENE","cd_mun":"3109709","nm_mun":"Cachoeira de Minas"},"bbox":[-22.474675,-45.932829,-22.270704,-45.658739]},{"type":"Feature","id":"qg_2021_070_areasudene.fid-b14a33a_1a0649d18bf_-51ff","geometry":null,"properties":{"cd_recorte":"07023109808","cd_sudene":"2","nm_sudene":"NÃO-Área de atuação da SUDENE","cd_mun":"3109808","nm_mun":"Cachoeira Dourada"},"bbox":[-18.70049,-49.548052,-18.49099268,-49.37149]},{"type":"Feature","id":"qg_2021_070_areasudene.fid-b14a33a_1a0649d18bf_-51fe","geometry":null,"properties":{"cd_recorte":"07023109907","cd_sudene":"2","nm_sudene":"NÃO-Área de atuação da SUDENE","cd_mun":"3109907","nm_mun":"Caetanópolis"},"bbox":[-19.413948,-44.490443,-19.267778,-44.299039]},{"type":"Feature","id":"qg_2021_070_areasudene.fid-b14a33a_1a0649d18bf_-51fd","geometry":null,"properties":{"cd_recorte":"07023110004","cd_sudene":"2","nm_sudene":"NÃO-Área de atuação da SUDENE","cd_mun":"3110004","nm_mun":"Caeté"},"bbox":[-20.077328,-43.74887,-19.69458,-43.517976]},{"type":"Feature","id":"qg_2021_070_areasudene.fid-b14a33a_1a0649d18bf_-51fc","geometry":null,"properties":{"cd_recorte":"07023110103","cd_sudene":"2","nm_sudene":"NÃO-Área de atuação da SUDENE","cd_mun":"3110103","nm_mun":"Caiana"},"bbox":[-20.79739632,-41.968491,-20.661126,-41.85007555]},{"type":"Feature","id":"qg_2021_070_areasudene.fid-b14a33a_1a0649d18bf_-51fb","geometry":null,"properties":{"cd_recorte":"07023110202","cd_sudene":"2","nm_sudene":"NÃO-Área de atuação da SUDENE","cd_mun":"3110202","nm_mun":"Cajuri"},"bbox":[-20.825465,-42.831133,-20.745177,-42.679045]},{"type":"Feature","id":"qg_2021_070_areasudene.fid-b14a33a_1a0649d18bf_-51fa","geometry":null,"properties":{"cd_recorte":"07023110301","cd_sudene":"2","nm_sudene":"NÃO-Área de atuação da SUDENE","cd_mun":"3110301","nm_mun":"Caldas"},"bbox":[-22.03845599,-46.565313,-21.75826099,-46.130118]},{"type":"Feature","id":"qg_2021_070_areasudene.fid-b14a33a_1a0649d18bf_-51f9","geometry":null,"properties":{"cd_recorte":"07023110400","cd_sudene":"2","nm_sudene":"NÃO-Área de atuação da SUDENE","cd_mun":"3110400","nm_mun":"Camacho"},"bbox":[-20.744347,-45.260277,-20.559963,-45.046242]},{"type":"Feature","id":"qg_2021_070_areasudene.fid-b14a33a_1a0649d18bf_-51f8","geometry":null,"properties":{"cd_recorte":"07023110509","cd_sudene":"2","nm_sudene":"NÃO-Área de atuação da SUDENE","cd_mun":"3110509","nm_mun":"Camanducaia"},"bbox":[-22.92275526,-46.228986,-22.669824,-45.92132]},{"type":"Feature","id":"qg_2021_070_areasudene.fid-b14a33a_1a0649d18bf_-51f7","geometry":null,"properties":{"cd_recorte":"07023110608","cd_sudene":"2","nm_sudene":"NÃO-Área de atuação da SUDENE","cd_mun":"3110608","nm_mun":"Cambuí"},"bbox":[-22.691664,-46.157987,-22.491686,-45.940944]},{"type":"Feature","id":"qg_2021_070_areasudene.fid-b14a33a_1a0649d18bf_-51f6","geometry":null,"properties":{"cd_recorte":"07023110707","cd_sudene":"2","nm_sudene":"NÃO-Área de atuação da SUDENE","cd_mun":"3110707","nm_mun":"Cambuquira"},"bbox":[-21.948677,-45.363772,-21.766817,-45.141702]},{"type":"Feature","id":"qg_2021_070_areasudene.fid-b14a33a_1a0649d18bf_-51f5","geometry":null,"properties":{"cd_recorte":"07023110905","cd_sudene":"2","nm_sudene":"NÃO-Área de atuação da SUDENE","cd_mun":"3110905","nm_mun":"Campanha"},"bbox":[-21.977361,-45.505554,-21.666419,-45.327806]},{"type":"Feature","id":"qg_2021_070_areasudene.fid-b14a33a_1a0649d18bf_-51f4","geometry":null,"properties":{"cd_recorte":"07023111002","cd_sudene":"2","nm_sudene":"NÃO-Área de atuação da SUDENE","cd_mun":"3111002","nm_mun":"Campestre"},"bbox":[-21.878443,-46.396566,-21.554117,-46.080011]},{"type":"Feature","id":"qg_2021_070_areasudene.fid-b14a33a_1a0649d18bf_-51f3","geometry":null,"properties":{"cd_recorte":"07023111101","cd_sudene":"2","nm_sudene":"NÃO-Área de atuação da SUDENE","cd_mun":"3111101","nm_mun":"Campina Verde"},"bbox":[-19.770992,-50.236424,-19.198158,-49.302218]},{"type":"Feature","id":"qg_2021_070_areasudene.fid-b14a33a_1a0649d18bf_-51f2","geometry":null,"properties":{"cd_recorte":"07023111200","cd_sudene":"2","nm_sudene":"NÃO-Área de atuação da SUDENE","cd_mun":"3111200","nm_mun":"Campo Belo"},"bbox":[-21.068769,-45.431204,-20.816176,-45.07053]},{"type":"Feature","id":"qg_2021_070_areasudene.fid-b14a33a_1a0649d18bf_-51f1","geometry":null,"properties":{"cd_recorte":"07023111309","cd_sudene":"2","nm_sudene":"NÃO-Área de atuação da SUDENE","cd_mun":"3111309","nm_mun":"Campo do Meio"},"bbox":[-21.174436,-45.973416,-21.039055,-45.678182]},{"type":"Feature","id":"qg_2021_070_areasudene.fid-b14a33a_1a0649d18bf_-51f0","geometry":null,"properties":{"cd_recorte":"07023111408","cd_sudene":"2","nm_sudene":"NÃO-Área de atuação da SUDENE","cd_mun":"3111408","nm_mun":"Campo Florido"},"bbox":[-19.895283,-48.860618,-19.533989,-48.445043]},{"type":"Feature","id":"qg_2021_070_areasudene.fid-b14a33a_1a0649d18bf_-51ef","geometry":null,"properties":{"cd_recorte":"07023111507","cd_sudene":"2","nm_sudene":"NÃO-Área de atuação da SUDENE","cd_mun":"3111507","nm_mun":"Campos Altos"},"bbox":[-19.810902,-46.327811,-19.410243,-46.066561]},{"type":"Feature","id":"qg_2021_070_areasudene.fid-b14a33a_1a0649d18bf_-51ee","geometry":null,"properties":{"cd_recorte":"07023111606","cd_sudene":"2","nm_sudene":"NÃO-Área de atuação da SUDENE","cd_mun":"3111606","nm_mun":"Campos Gerais"},"bbox":[-21.452835,-45.954474,-21.126582,-45.576067]},{"type":"Feature","id":"qg_2021_070_areasudene.fid-b14a33a_1a0649d18bf_-51ed","geometry":null,"properties":{"cd_recorte":"07023111705","cd_sudene":"2","nm_sudene":"NÃO-Área de atuação da SUDENE","cd_mun":"3111705","nm_mun":"Canaã"},"bbox":[-20.758551,-42.699668,-20.582332,-42.557765]},{"type":"Feature","id":"qg_2021_070_areasudene.fid-b14a33a_1a0649d18bf_-51ec","geometry":null,"properties":{"cd_recorte":"07023111804","cd_sudene":"2","nm_sudene":"NÃO-Área de atuação da SUDENE","cd_mun":"3111804","nm_mun":"Canápolis"},"bbox":[-18.953755,-49.434585,-18.56068555,-49.050849]},{"type":"Feature","id":"qg_2021_070_areasudene.fid-b14a33a_1a0649d18bf_-51eb","geometry":null,"properties":{"cd_recorte":"07023111903","cd_sudene":"2","nm_sudene":"NÃO-Área de atuação da SUDENE","cd_mun":"3111903","nm_mun":"Cana Verde"},"bbox":[-21.140532,-45.28413,-20.920964,-45.092079]},{"type":"Feature","id":"qg_2021_070_areasudene.fid-b14a33a_1a0649d18bf_-51ea","geometry":null,"properties":{"cd_recorte":"07023112000","cd_sudene":"2","nm_sudene":"NÃO-Área de atuação da SUDENE","cd_mun":"3112000","nm_mun":"Candeias"},"bbox":[-20.847606,-45.512763,-20.650225,-45.056485]},{"type":"Feature","id":"qg_2021_070_areasudene.fid-b14a33a_1a0649d18bf_-51e9","geometry":null,"properties":{"cd_recorte":"07023112109","cd_sudene":"2","nm_sudene":"NÃO-Área de atuação da SUDENE","cd_mun":"3112109","nm_mun":"Caparaó"},"bbox":[-20.580642,-42.068764,-20.481747,-41.850209]},{"type":"Feature","id":"qg_2021_070_areasudene.fid-b14a33a_1a0649d18bf_-51e8","geometry":null,"properties":{"cd_recorte":"07023112208","cd_sudene":"2","nm_sudene":"NÃO-Área de atuação da SUDENE","cd_mun":"3112208","nm_mun":"Capela Nova"},"bbox":[-20.973861,-43.690577,-20.857091,-43.522564]},{"type":"Feature","id":"qg_2021_070_areasudene.fid-b14a33a_1a0649d18bf_-51e7","geometry":null,"properties":{"cd_recorte":"07023112406","cd_sudene":"2","nm_sudene":"NÃO-Área de atuação da SUDENE","cd_mun":"3112406","nm_mun":"Capetinga"},"bbox":[-20.793663,-47.14286306,-20.528046,-46.900767]},{"type":"Feature","id":"qg_2021_070_areasudene.fid-b14a33a_1a0649d18bf_-51e5","geometry":null,"properties":{"cd_recorte":"07023112505","cd_sudene":"2","nm_sudene":"NÃO-Área de atuação da SUDENE","cd_mun":"3112505","nm_mun":"Capim Branco"},"bbox":[-19.64217,-44.222553,-19.520947,-44.105509]},{"type":"Feature","id":"qg_2021_070_areasudene.fid-b14a33a_1a0649d18bf_-51e4","geometry":null,"properties":{"cd_recorte":"07023112604","cd_sudene":"2","nm_sudene":"NÃO-Área de atuação da SUDENE","cd_mun":"3112604","nm_mun":"Capinópolis"},"bbox":[-18.810725,-49.731206,-18.53962212,-49.40238]},{"type":"Feature","id":"qg_2021_070_areasudene.fid-b14a33a_1a0649d18bf_-51e3","geometry":null,"properties":{"cd_recorte":"07023112802","cd_sudene":"2","nm_sudene":"NÃO-Área de atuação da SUDENE","cd_mun":"3112802","nm_mun":"Capitólio"},"bbox":[-20.717279,-46.339801,-20.505483,-45.964929]},{"type":"Feature","id":"qg_2021_070_areasudene.fid-b14a33a_1a0649d18bf_-51e2","geometry":null,"properties":{"cd_recorte":"07023112901","cd_sudene":"2","nm_sudene":"NÃO-Área de atuação da SUDENE","cd_mun":"3112901","nm_mun":"Caputira"},"bbox":[-20.283266,-42.322167,-20.083713,-42.193502]},{"type":"Feature","id":"qg_2021_070_areasudene.fid-b14a33a_1a0649d18bf_-51e1","geometry":null,"properties":{"cd_recorte":"07023113107","cd_sudene":"2","nm_sudene":"NÃO-Área de atuação da SUDENE","cd_mun":"3113107","nm_mun":"Caranaíba"},"bbox":[-20.951287,-43.82078,-20.835522,-43.619019]},{"type":"Feature","id":"qg_2021_070_areasudene.fid-b14a33a_1a0649d18bf_-51e0","geometry":null,"properties":{"cd_recorte":"07023113206","cd_sudene":"2","nm_sudene":"NÃO-Área de atuação da SUDENE","cd_mun":"3113206","nm_mun":"Carandaí"},"bbox":[-21.127296,-43.995115,-20.871841,-43.647579]},{"type":"Feature","id":"qg_2021_070_areasudene.fid-b14a33a_1a0649d18bf_-51df","geometry":null,"properties":{"cd_recorte":"07023113305","cd_sudene":"2","nm_sudene":"NÃO-Área de atuação da SUDENE","cd_mun":"3113305","nm_mun":"Carangola"},"bbox":[-20.815939,-42.253099,-20.598596,-41.957425]},{"type":"Feature","id":"qg_2021_070_areasudene.fid-b14a33a_1a0649d18bf_-51de","geometry":null,"properties":{"cd_recorte":"07023113404","cd_sudene":"2","nm_sudene":"NÃO-Área de atuação da SUDENE","cd_mun":"3113404","nm_mun":"Caratinga"},"bbox":[-19.938377,-42.521796,-19.43947,-41.778178]},{"type":"Feature","id":"qg_2021_070_areasudene.fid-b14a33a_1a0649d18bf_-51dc","geometry":null,"properties":{"cd_recorte":"07023113602","cd_sudene":"2","nm_sudene":"NÃO-Área de atuação da SUDENE","cd_mun":"3113602","nm_mun":"Careaçu"},"bbox":[-22.167524,-45.742827,-21.976429,-45.597646]},{"type":"Feature","id":"qg_2021_070_areasudene.fid-b14a33a_1a0649d18bf_-51db","geometry":null,"properties":{"cd_recorte":"07023113909","cd_sudene":"2","nm_sudene":"NÃO-Área de atuação da SUDENE","cd_mun":"3113909","nm_mun":"Carmo da Cachoeira"},"bbox":[-21.562712,-45.369895,-21.345195,-45.038354]},{"type":"Feature","id":"qg_2021_070_areasudene.fid-b14a33a_1a0649d18bf_-51da","geometry":null,"properties":{"cd_recorte":"07023114006","cd_sudene":"2","nm_sudene":"NÃO-Área de atuação da SUDENE","cd_mun":"3114006","nm_mun":"Carmo da Mata"},"bbox":[-20.651108,-45.019441,-20.470796,-44.752427]},{"type":"Feature","id":"qg_2021_070_areasudene.fid-b14a33a_1a0649d18bf_-51d9","geometry":null,"properties":{"cd_recorte":"07023114105","cd_sudene":"2","nm_sudene":"NÃO-Área de atuação da SUDENE","cd_mun":"3114105","nm_mun":"Carmo de Minas"},"bbox":[-22.200707,-45.267593,-21.97607099,-45.06038356]},{"type":"Feature","id":"qg_2021_070_areasudene.fid-b14a33a_1a0649d18bf_-51d8","geometry":null,"properties":{"cd_recorte":"07023114204","cd_sudene":"2","nm_sudene":"NÃO-Área de atuação da SUDENE","cd_mun":"3114204","nm_mun":"Carmo do Cajuru"},"bbox":[-20.337753,-44.86107562,-20.052744,-44.56097]},{"type":"Feature","id":"qg_2021_070_areasudene.fid-b14a33a_1a0649d18bf_-51d7","geometry":null,"properties":{"cd_recorte":"07023114303","cd_sudene":"2","nm_sudene":"NÃO-Área de atuação da SUDENE","cd_mun":"3114303","nm_mun":"Carmo do Paranaíba"},"bbox":[-19.117275,-46.529354,-18.637475,-45.856843]},{"type":"Feature","id":"qg_2021_070_areasudene.fid-b14a33a_1a0649d18bf_-51d6","geometry":null,"properties":{"cd_recorte":"07023114402","cd_sudene":"2","nm_sudene":"NÃO-Área de atuação da SUDENE","cd_mun":"3114402","nm_mun":"Carmo do Rio Claro"},"bbox":[-21.192181,-46.358299,-20.796921,-45.887208]},{"type":"Feature","id":"qg_2021_070_areasudene.fid-b14a33a_1a0649d18bf_-51d5","geometry":null,"properties":{"cd_recorte":"07023114501","cd_sudene":"2","nm_sudene":"NÃO-Área de atuação da SUDENE","cd_mun":"3114501","nm_mun":"Carmópolis de Minas"},"bbox":[-20.711503,-44.778008,-20.405154,-44.538075]},{"type":"Feature","id":"qg_2021_070_areasudene.fid-b14a33a_1a0649d18bf_-51d4","geometry":null,"properties":{"cd_recorte":"07023114550","cd_sudene":"2","nm_sudene":"NÃO-Área de atuação da SUDENE","cd_mun":"3114550","nm_mun":"Carneirinho"},"bbox":[-20.08538437,-51.04608181,-19.466355,-50.555077]},{"type":"Feature","id":"qg_2021_070_areasudene.fid-b14a33a_1a0649d18bf_-51d3","geometry":null,"properties":{"cd_recorte":"07023114600","cd_sudene":"2","nm_sudene":"NÃO-Área de atuação da SUDENE","cd_mun":"3114600","nm_mun":"Carrancas"},"bbox":[-21.642918,-44.801416,-21.309102,-44.438408]},{"type":"Feature","id":"qg_2021_070_areasudene.fid-b14a33a_1a0649d18bf_-51d2","geometry":null,"properties":{"cd_recorte":"07023114709","cd_sudene":"2","nm_sudene":"NÃO-Área de atuação da SUDENE","cd_mun":"3114709","nm_mun":"Carvalhópolis"},"bbox":[-21.82292,-45.897422,-21.722525,-45.76113]},{"type":"Feature","id":"qg_2021_070_areasudene.fid-b14a33a_1a0649d18bf_-51d1","geometry":null,"properties":{"cd_recorte":"07023114808","cd_sudene":"2","nm_sudene":"NÃO-Área de atuação da SUDENE","cd_mun":"3114808","nm_mun":"Carvalhos"},"bbox":[-22.136964,-44.582806,-21.91939899,-44.379149]},{"type":"Feature","id":"qg_2021_070_areasudene.fid-b14a33a_1a0649d18bf_-51d0","geometry":null,"properties":{"cd_recorte":"07023114907","cd_sudene":"2","nm_sudene":"NÃO-Área de atuação da SUDENE","cd_mun":"3114907","nm_mun":"Casa Grande"},"bbox":[-20.927592,-44.008574,-20.751817,-43.88046]},{"type":"Feature","id":"qg_2021_070_areasudene.fid-b14a33a_1a0649d18bf_-51cf","geometry":null,"properties":{"cd_recorte":"07023115003","cd_sudene":"2","nm_sudene":"NÃO-Área de atuação da SUDENE","cd_mun":"3115003","nm_mun":"Cascalho Rico"},"bbox":[-18.681348,-47.981073,-18.44908707,-47.757926]},{"type":"Feature","id":"qg_2021_070_areasudene.fid-b14a33a_1a0649d18bf_-51ce","geometry":null,"properties":{"cd_recorte":"07023115102","cd_sudene":"2","nm_sudene":"NÃO-Área de atuação da SUDENE","cd_mun":"3115102","nm_mun":"Cássia"},"bbox":[-20.757768,-47.067645,-20.359783,-46.800978]},{"type":"Feature","id":"qg_2021_070_areasudene.fid-b14a33a_1a0649d18bf_-51cd","geometry":null,"properties":{"cd_recorte":"07023115201","cd_sudene":"2","nm_sudene":"NÃO-Área de atuação da SUDENE","cd_mun":"3115201","nm_mun":"Conceição da Barra de Minas"},"bbox":[-21.255613,-44.580516,-21.0396,-44.387942]},{"type":"Feature","id":"qg_2021_070_areasudene.fid-b14a33a_1a0649d18bf_-51cc","geometry":null,"properties":{"cd_recorte":"07023115300","cd_sudene":"2","nm_sudene":"NÃO-Área de atuação da SUDENE","cd_mun":"3115300","nm_mun":"Cataguases"},"bbox":[-21.46077199,-42.801782,-21.203271,-42.502396]},{"type":"Feature","id":"qg_2021_070_areasudene.fid-b14a33a_1a0649d18bf_-51cb","geometry":null,"properties":{"cd_recorte":"07023115359","cd_sudene":"2","nm_sudene":"NÃO-Área de atuação da SUDENE","cd_mun":"3115359","nm_mun":"Catas Altas"},"bbox":[-20.143624,-43.519678,-19.994351,-43.31134]},{"type":"Feature","id":"qg_2021_070_areasudene.fid-b14a33a_1a0649d18bf_-51ca","geometry":null,"properties":{"cd_recorte":"07023115409","cd_sudene":"2","nm_sudene":"NÃO-Área de atuação da SUDENE","cd_mun":"3115409","nm_mun":"Catas Altas da Noruega"},"bbox":[-20.739641,-43.568776,-20.594739,-43.432265]},{"type":"Feature","id":"qg_2021_070_areasudene.fid-b14a33a_1a0649d18bf_-51c9","geometry":null,"properties":{"cd_recorte":"07023115508","cd_sudene":"2","nm_sudene":"NÃO-Área de atuação da SUDENE","cd_mun":"3115508","nm_mun":"Caxambu"},"bbox":[-22.082441,-45.00834,-21.90250999,-44.89821]},{"type":"Feature","id":"qg_2021_070_areasudene.fid-b14a33a_1a0649d18bf_-51c8","geometry":null,"properties":{"cd_recorte":"07023115607","cd_sudene":"2","nm_sudene":"NÃO-Área de atuação da SUDENE","cd_mun":"3115607","nm_mun":"Cedro do Abaeté"},"bbox":[-19.229509,-45.784071,-18.984736,-45.580877]},{"type":"Feature","id":"qg_2021_070_areasudene.fid-b14a33a_1a0649d18bf_-51c7","geometry":null,"properties":{"cd_recorte":"07023115805","cd_sudene":"2","nm_sudene":"NÃO-Área de atuação da SUDENE","cd_mun":"3115805","nm_mun":"Centralina"},"bbox":[-18.788552,-49.29269363,-18.521356,-49.038835]},{"type":"Feature","id":"qg_2021_070_areasudene.fid-b14a33a_1a0649d18bf_-51c6","geometry":null,"properties":{"cd_recorte":"07023115904","cd_sudene":"2","nm_sudene":"NÃO-Área de atuação da SUDENE","cd_mun":"3115904","nm_mun":"Chácara"},"bbox":[-21.76998099,-43.294857,-21.608909,-43.132993]},{"type":"Feature","id":"qg_2021_070_areasudene.fid-b14a33a_1a0649d18bf_-51c5","geometry":null,"properties":{"cd_recorte":"07023116001","cd_sudene":"2","nm_sudene":"NÃO-Área de atuação da SUDENE","cd_mun":"3116001","nm_mun":"Chalé"},"bbox":[-20.104702,-41.750616,-19.941027,-41.547659]},{"type":"Feature","id":"qg_2021_070_areasudene.fid-b14a33a_1a0649d18bf_-51c4","geometry":null,"properties":{"cd_recorte":"07023116209","cd_sudene":"2","nm_sudene":"NÃO-Área de atuação da SUDENE","cd_mun":"3116209","nm_mun":"Chiador"},"bbox":[-22.10988423,-43.15473576,-21.850882,-42.875177]},{"type":"Feature","id":"qg_2021_070_areasudene.fid-b14a33a_1a0649d18bf_-51c3","geometry":null,"properties":{"cd_recorte":"07023116308","cd_sudene":"2","nm_sudene":"NÃO-Área de atuação da SUDENE","cd_mun":"3116308","nm_mun":"Cipotânea"},"bbox":[-20.978729,-43.470495,-20.851749,-43.272429]},{"type":"Feature","id":"qg_2021_070_areasudene.fid-b14a33a_1a0649d18bf_-51c2","geometry":null,"properties":{"cd_recorte":"07023116407","cd_sudene":"2","nm_sudene":"NÃO-Área de atuação da SUDENE","cd_mun":"3116407","nm_mun":"Claraval"},"bbox":[-20.49107931,-47.29820814,-20.226728,-47.17319]},{"type":"Feature","id":"qg_2021_070_areasudene.fid-b14a33a_1a0649d18bf_-51c1","geometry":null,"properties":{"cd_recorte":"07023116605","cd_sudene":"2","nm_sudene":"NÃO-Área de atuação da SUDENE","cd_mun":"3116605","nm_mun":"Cláudio"},"bbox":[-20.555576,-44.916583,-20.24931306,-44.628135]},{"type":"Feature","id":"qg_2021_070_areasudene.fid-b14a33a_1a0649d18bf_-51c0","geometry":null,"properties":{"cd_recorte":"07023116704","cd_sudene":"2","nm_sudene":"NÃO-Área de atuação da SUDENE","cd_mun":"3116704","nm_mun":"Coimbra"},"bbox":[-20.882781,-42.888313,-20.803253,-42.702628]},{"type":"Feature","id":"qg_2021_070_areasudene.fid-b14a33a_1a0649d18bf_-51bf","geometry":null,"properties":{"cd_recorte":"07023116902","cd_sudene":"2","nm_sudene":"NÃO-Área de atuação da SUDENE","cd_mun":"3116902","nm_mun":"Comendador Gomes"},"bbox":[-19.807708,-49.374092,-19.535437,-48.822723]},{"type":"Feature","id":"qg_2021_070_areasudene.fid-b14a33a_1a0649d18bf_-51be","geometry":null,"properties":{"cd_recorte":"07023117108","cd_sudene":"2","nm_sudene":"NÃO-Área de atuação da SUDENE","cd_mun":"3117108","nm_mun":"Conceição da Aparecida"},"bbox":[-21.196918,-46.356613,-20.997648,-46.066493]},{"type":"Feature","id":"qg_2021_070_areasudene.fid-b14a33a_1a0649d18bf_-51bd","geometry":null,"properties":{"cd_recorte":"07023117207","cd_sudene":"2","nm_sudene":"NÃO-Área de atuação da SUDENE","cd_mun":"3117207","nm_mun":"Conceição das Pedras"},"bbox":[-22.195772,-45.509035,-22.082248,-45.324564]},{"type":"Feature","id":"qg_2021_070_areasudene.fid-b14a33a_1a0649d18bf_-51bc","geometry":null,"properties":{"cd_recorte":"07023117306","cd_sudene":"2","nm_sudene":"NÃO-Área de atuação da SUDENE","cd_mun":"3117306","nm_mun":"Conceição das Alagoas"},"bbox":[-20.14381579,-48.563791,-19.739608,-48.126534]},{"type":"Feature","id":"qg_2021_070_areasudene.fid-b14a33a_1a0649d18bf_-51bb","geometry":null,"properties":{"cd_recorte":"07023117405","cd_sudene":"2","nm_sudene":"NÃO-Área de atuação da SUDENE","cd_mun":"3117405","nm_mun":"Conceição de Ipanema"},"bbox":[-19.998858,-41.842043,-19.803845,-41.57322]},{"type":"Feature","id":"qg_2021_070_areasudene.fid-b14a33a_1a0649d18bf_-51ba","geometry":null,"properties":{"cd_recorte":"07023117504","cd_sudene":"2","nm_sudene":"NÃO-Área de atuação da SUDENE","cd_mun":"3117504","nm_mun":"Conceição do Mato Dentro"},"bbox":[-19.254422,-43.869628,-18.610834,-43.098728]},{"type":"Feature","id":"qg_2021_070_areasudene.fid-b14a33a_1a0649d18bf_-51b9","geometry":null,"properties":{"cd_recorte":"07023117603","cd_sudene":"2","nm_sudene":"NÃO-Área de atuação da SUDENE","cd_mun":"3117603","nm_mun":"Conceição do Pará"},"bbox":[-19.892706,-44.991297,-19.688696,-44.773123]},{"type":"Feature","id":"qg_2021_070_areasudene.fid-b14a33a_1a0649d18bf_-51b8","geometry":null,"properties":{"cd_recorte":"07023117702","cd_sudene":"2","nm_sudene":"NÃO-Área de atuação da SUDENE","cd_mun":"3117702","nm_mun":"Conceição do Rio Verde"},"bbox":[-22.01295499,-45.220121,-21.77188499,-44.975001]},{"type":"Feature","id":"qg_2021_070_areasudene.fid-b14a33a_1a0649d18bf_-51b7","geometry":null,"properties":{"cd_recorte":"07023117801","cd_sudene":"2","nm_sudene":"NÃO-Área de atuação da SUDENE","cd_mun":"3117801","nm_mun":"Conceição dos Ouros"},"bbox":[-22.509231,-45.89073108,-22.374359,-45.679181]},{"type":"Feature","id":"qg_2021_070_areasudene.fid-b14a33a_1a0649d18bf_-51b6","geometry":null,"properties":{"cd_recorte":"07023117876","cd_sudene":"2","nm_sudene":"NÃO-Área de atuação da SUDENE","cd_mun":"3117876","nm_mun":"Confins"},"bbox":[-19.688452,-44.00693106,-19.597881,-43.93475371]},{"type":"Feature","id":"qg_2021_070_areasudene.fid-b14a33a_1a0649d18bf_-51b5","geometry":null,"properties":{"cd_recorte":"07023117900","cd_sudene":"2","nm_sudene":"NÃO-Área de atuação da SUDENE","cd_mun":"3117900","nm_mun":"Congonhal"},"bbox":[-22.231225,-46.117144,-22.035666,-45.959895]},{"type":"Feature","id":"qg_2021_070_areasudene.fid-b14a33a_1a0649d18bf_-51b4","geometry":null,"properties":{"cd_recorte":"07023118007","cd_sudene":"2","nm_sudene":"NÃO-Área de atuação da SUDENE","cd_mun":"3118007","nm_mun":"Congonhas"},"bbox":[-20.618502,-43.986424,-20.417094,-43.702896]},{"type":"Feature","id":"qg_2021_070_areasudene.fid-b14a33a_1a0649d18bf_-51b3","geometry":null,"properties":{"cd_recorte":"07023118106","cd_sudene":"2","nm_sudene":"NÃO-Área de atuação da SUDENE","cd_mun":"3118106","nm_mun":"Congonhas do Norte"},"bbox":[-19.077008,-43.795864,-18.725877,-43.60159]},{"type":"Feature","id":"qg_2021_070_areasudene.fid-b14a33a_1a0649d18bf_-51b2","geometry":null,"properties":{"cd_recorte":"07023118205","cd_sudene":"2","nm_sudene":"NÃO-Área de atuação da SUDENE","cd_mun":"3118205","nm_mun":"Conquista"},"bbox":[-20.04924784,-47.7692,-19.669806,-47.487499]},{"type":"Feature","id":"qg_2021_070_areasudene.fid-b14a33a_1a0649d18bf_-51b1","geometry":null,"properties":{"cd_recorte":"07023118304","cd_sudene":"2","nm_sudene":"NÃO-Área de atuação da SUDENE","cd_mun":"3118304","nm_mun":"Conselheiro Lafaiete"},"bbox":[-20.801022,-43.930008,-20.538033,-43.67878]},{"type":"Feature","id":"qg_2021_070_areasudene.fid-b14a33a_1a0649d18bf_-51b0","geometry":null,"properties":{"cd_recorte":"07023118502","cd_sudene":"2","nm_sudene":"NÃO-Área de atuação da SUDENE","cd_mun":"3118502","nm_mun":"Consolação"},"bbox":[-22.603336,-45.959154,-22.462294,-45.87073]},{"type":"Feature","id":"qg_2021_070_areasudene.fid-b14a33a_1a0649d18bf_-51af","geometry":null,"properties":{"cd_recorte":"07023118601","cd_sudene":"2","nm_sudene":"NÃO-Área de atuação da SUDENE","cd_mun":"3118601","nm_mun":"Contagem"},"bbox":[-19.98377786,-44.16205599,-19.79883941,-44.00542936]},{"type":"Feature","id":"qg_2021_070_areasudene.fid-b14a33a_1a0649d18bf_-51ae","geometry":null,"properties":{"cd_recorte":"07023118700","cd_sudene":"2","nm_sudene":"NÃO-Área de atuação da SUDENE","cd_mun":"3118700","nm_mun":"Coqueiral"},"bbox":[-21.291359,-45.531443,-21.064532,-45.304982]},{"type":"Feature","id":"qg_2021_070_areasudene.fid-b14a33a_1a0649d18bf_-51ad","geometry":null,"properties":{"cd_recorte":"07023118908","cd_sudene":"2","nm_sudene":"NÃO-Área de atuação da SUDENE","cd_mun":"3118908","nm_mun":"Cordisburgo"},"bbox":[-19.243586,-44.409386,-18.944747,-44.011022]},{"type":"Feature","id":"qg_2021_070_areasudene.fid-b14a33a_1a0649d18bf_-51ac","geometry":null,"properties":{"cd_recorte":"07023119005","cd_sudene":"2","nm_sudene":"NÃO-Área de atuação da SUDENE","cd_mun":"3119005","nm_mun":"Cordislândia"},"bbox":[-21.862004,-45.749742,-21.678036,-45.556206]},{"type":"Feature","id":"qg_2021_070_areasudene.fid-b14a33a_1a0649d18bf_-51ab","geometry":null,"properties":{"cd_recorte":"07023119104","cd_sudene":"2","nm_sudene":"NÃO-Área de atuação da SUDENE","cd_mun":"3119104","nm_mun":"Corinto"},"bbox":[-18.678086,-44.867577,-17.945538,-44.307537]},{"type":"Feature","id":"qg_2021_070_areasudene.fid-b14a33a_1a0649d18bf_-51aa","geometry":null,"properties":{"cd_recorte":"07023119302","cd_sudene":"2","nm_sudene":"NÃO-Área de atuação da SUDENE","cd_mun":"3119302","nm_mun":"Coromandel"},"bbox":[-18.763184,-47.43520502,-17.923278,-46.795036]},{"type":"Feature","id":"qg_2021_070_areasudene.fid-b14a33a_1a0649d18bf_-51a9","geometry":null,"properties":{"cd_recorte":"07023119401","cd_sudene":"2","nm_sudene":"NÃO-Área de atuação da SUDENE","cd_mun":"3119401","nm_mun":"Coronel Fabriciano"},"bbox":[-19.53746047,-42.792145,-19.343381,-42.56829158]},{"type":"Feature","id":"qg_2021_070_areasudene.fid-b14a33a_1a0649d18bf_-51a8","geometry":null,"properties":{"cd_recorte":"07023119609","cd_sudene":"2","nm_sudene":"NÃO-Área de atuação da SUDENE","cd_mun":"3119609","nm_mun":"Coronel Pacheco"},"bbox":[-21.66400999,-43.363363,-21.540018,-43.213401]},{"type":"Feature","id":"qg_2021_070_areasudene.fid-b14a33a_1a0649d18bf_-51a7","geometry":null,"properties":{"cd_recorte":"07023119708","cd_sudene":"2","nm_sudene":"NÃO-Área de atuação da SUDENE","cd_mun":"3119708","nm_mun":"Coronel Xavier Chaves"},"bbox":[-21.093966,-44.278657,-20.950472,-44.121353]},{"type":"Feature","id":"qg_2021_070_areasudene.fid-b14a33a_1a0649d18bf_-51a6","geometry":null,"properties":{"cd_recorte":"07023119807","cd_sudene":"2","nm_sudene":"NÃO-Área de atuação da SUDENE","cd_mun":"3119807","nm_mun":"Córrego Danta"},"bbox":[-19.915544,-46.133466,-19.606395,-45.7972]},{"type":"Feature","id":"qg_2021_070_areasudene.fid-b14a33a_1a0649d18bf_-51a5","geometry":null,"properties":{"cd_recorte":"07023119906","cd_sudene":"2","nm_sudene":"NÃO-Área de atuação da SUDENE","cd_mun":"3119906","nm_mun":"Córrego do Bom Jesus"},"bbox":[-22.699708,-46.064193,-22.552142,-45.931718]},{"type":"Feature","id":"qg_2021_070_areasudene.fid-b14a33a_1a0649d18bf_-51a4","geometry":null,"properties":{"cd_recorte":"07023119955","cd_sudene":"2","nm_sudene":"NÃO-Área de atuação da SUDENE","cd_mun":"3119955","nm_mun":"Córrego Fundo"},"bbox":[-20.520261,-45.588361,-20.378678,-45.483938]},{"type":"Feature","id":"qg_2021_070_areasudene.fid-b14a33a_1a0649d18bf_-51a3","geometry":null,"properties":{"cd_recorte":"07023120003","cd_sudene":"2","nm_sudene":"NÃO-Área de atuação da SUDENE","cd_mun":"3120003","nm_mun":"Córrego Novo"},"bbox":[-19.909208,-42.551462,-19.759909,-42.334777]},{"type":"Feature","id":"qg_2021_070_areasudene.fid-b14a33a_1a0649d18bf_-51a2","geometry":null,"properties":{"cd_recorte":"07023120201","cd_sudene":"2","nm_sudene":"NÃO-Área de atuação da SUDENE","cd_mun":"3120201","nm_mun":"Cristais"},"bbox":[-20.939713,-45.736195,-20.684135,-45.389751]},{"type":"Feature","id":"qg_2021_070_areasudene.fid-b14a33a_1a0649d18bf_-51a1","geometry":null,"properties":{"cd_recorte":"07023120409","cd_sudene":"2","nm_sudene":"NÃO-Área de atuação da SUDENE","cd_mun":"3120409","nm_mun":"Cristiano Otoni"},"bbox":[-20.895443,-43.898066,-20.772528,-43.730909]},{"type":"Feature","id":"qg_2021_070_areasudene.fid-b14a33a_1a0649d18bf_-51a0","geometry":null,"properties":{"cd_recorte":"07023120508","cd_sudene":"2","nm_sudene":"NÃO-Área de atuação da SUDENE","cd_mun":"3120508","nm_mun":"Cristina"},"bbox":[-22.311438,-45.393801,-22.113749,-45.16438]},{"type":"Feature","id":"qg_2021_070_areasudene.fid-b14a33a_1a0649d18bf_-519f","geometry":null,"properties":{"cd_recorte":"07023120607","cd_sudene":"2","nm_sudene":"NÃO-Área de atuação da SUDENE","cd_mun":"3120607","nm_mun":"Crucilândia"},"bbox":[-20.497259,-44.444036,-20.321633,-44.277471]},{"type":"Feature","id":"qg_2021_070_areasudene.fid-b14a33a_1a0649d18bf_-519e","geometry":null,"properties":{"cd_recorte":"07023120706","cd_sudene":"2","nm_sudene":"NÃO-Área de atuação da SUDENE","cd_mun":"3120706","nm_mun":"Cruzeiro da Fortaleza"},"bbox":[-19.050658,-46.775051,-18.871884,-46.567312]},{"type":"Feature","id":"qg_2021_070_areasudene.fid-b14a33a_1a0649d18bf_-519d","geometry":null,"properties":{"cd_recorte":"07023120805","cd_sudene":"2","nm_sudene":"NÃO-Área de atuação da SUDENE","cd_mun":"3120805","nm_mun":"Cruzília"},"bbox":[-21.90954,-44.896328,-21.586188,-44.676214]},{"type":"Feature","id":"qg_2021_070_areasudene.fid-b14a33a_1a0649d18bf_-519c","geometry":null,"properties":{"cd_recorte":"07023120904","cd_sudene":"2","nm_sudene":"NÃO-Área de atuação da SUDENE","cd_mun":"3120904","nm_mun":"Curvelo"},"bbox":[-19.232155,-44.797815,-18.276195,-44.07413]},{"type":"Feature","id":"qg_2021_070_areasudene.fid-b14a33a_1a0649d18bf_-519b","geometry":null,"properties":{"cd_recorte":"07023121100","cd_sudene":"2","nm_sudene":"NÃO-Área de atuação da SUDENE","cd_mun":"3121100","nm_mun":"Delfim Moreira"},"bbox":[-22.6536803,-45.420365,-22.369217,-45.16451527]},{"type":"Feature","id":"qg_2021_070_areasudene.fid-b14a33a_1a0649d18bf_-519a","geometry":null,"properties":{"cd_recorte":"07023121209","cd_sudene":"2","nm_sudene":"NÃO-Área de atuação da SUDENE","cd_mun":"3121209","nm_mun":"Delfinópolis"},"bbox":[-20.567049,-47.116552,-20.169914,-46.461757]},{"type":"Feature","id":"qg_2021_070_areasudene.fid-b14a33a_1a0649d18bf_-5199","geometry":null,"properties":{"cd_recorte":"07023121258","cd_sudene":"2","nm_sudene":"NÃO-Área de atuação da SUDENE","cd_mun":"3121258","nm_mun":"Delta"},"bbox":[-19.99606564,-47.862047,-19.865417,-47.750299]},{"type":"Feature","id":"qg_2021_070_areasudene.fid-b14a33a_1a0649d18bf_-5198","geometry":null,"properties":{"cd_recorte":"07023121308","cd_sudene":"2","nm_sudene":"NÃO-Área de atuação da SUDENE","cd_mun":"3121308","nm_mun":"Descoberto"},"bbox":[-21.526308,-43.063571,-21.365145,-42.875641]},{"type":"Feature","id":"qg_2021_070_areasudene.fid-b14a33a_1a0649d18bf_-5197","geometry":null,"properties":{"cd_recorte":"07023121407","cd_sudene":"2","nm_sudene":"NÃO-Área de atuação da SUDENE","cd_mun":"3121407","nm_mun":"Desterro de Entre Rios"},"bbox":[-20.757208,-44.421395,-20.514743,-44.127965]},{"type":"Feature","id":"qg_2021_070_areasudene.fid-b14a33a_1a0649d18bf_-5196","geometry":null,"properties":{"cd_recorte":"07023121506","cd_sudene":"2","nm_sudene":"NÃO-Área de atuação da SUDENE","cd_mun":"3121506","nm_mun":"Desterro do Melo"},"bbox":[-21.204276,-43.608461,-21.064645,-43.417235]},{"type":"Feature","id":"qg_2021_070_areasudene.fid-b14a33a_1a0649d18bf_-5195","geometry":null,"properties":{"cd_recorte":"07023121704","cd_sudene":"2","nm_sudene":"NÃO-Área de atuação da SUDENE","cd_mun":"3121704","nm_mun":"Diogo de Vasconcelos"},"bbox":[-20.547812,-43.291037,-20.424706,-43.05165]},{"type":"Feature","id":"qg_2021_070_areasudene.fid-b14a33a_1a0649d18bf_-5194","geometry":null,"properties":{"cd_recorte":"07023121803","cd_sudene":"2","nm_sudene":"NÃO-Área de atuação da SUDENE","cd_mun":"3121803","nm_mun":"Dionísio"},"bbox":[-19.911454,-42.865829,-19.751863,-42.474462]},{"type":"Feature","id":"qg_2021_070_areasudene.fid-b14a33a_1a0649d18bf_-5193","geometry":null,"properties":{"cd_recorte":"07023121902","cd_sudene":"2","nm_sudene":"NÃO-Área de atuação da SUDENE","cd_mun":"3121902","nm_mun":"Divinésia"},"bbox":[-21.058634,-43.068966,-20.92679,-42.922563]},{"type":"Feature","id":"qg_2021_070_areasudene.fid-b14a33a_1a0649d18bf_-5192","geometry":null,"properties":{"cd_recorte":"07023122009","cd_sudene":"2","nm_sudene":"NÃO-Área de atuação da SUDENE","cd_mun":"3122009","nm_mun":"Divino"},"bbox":[-20.691531,-42.358327,-20.467314,-42.065822]},{"type":"Feature","id":"qg_2021_070_areasudene.fid-b14a33a_1a0649d18bf_-5191","geometry":null,"properties":{"cd_recorte":"07023122306","cd_sudene":"2","nm_sudene":"NÃO-Área de atuação da SUDENE","cd_mun":"3122306","nm_mun":"Divinópolis"},"bbox":[-20.308844,-45.122652,-19.918252,-44.750189]},{"type":"Feature","id":"qg_2021_070_areasudene.fid-b14a33a_1a0649d18bf_-5190","geometry":null,"properties":{"cd_recorte":"07023122405","cd_sudene":"2","nm_sudene":"NÃO-Área de atuação da SUDENE","cd_mun":"3122405","nm_mun":"Divisa Nova"},"bbox":[-21.590802,-46.358315,-21.44089,-46.140573]},{"type":"Feature","id":"qg_2021_070_areasudene.fid-b14a33a_1a0649d18bf_-518f","geometry":null,"properties":{"cd_recorte":"07023122504","cd_sudene":"2","nm_sudene":"NÃO-Área de atuação da SUDENE","cd_mun":"3122504","nm_mun":"Dom Cavati"},"bbox":[-19.429434,-42.136315,-19.345225,-42.028352]},{"type":"Feature","id":"qg_2021_070_areasudene.fid-b14a33a_1a0649d18bf_-518e","geometry":null,"properties":{"cd_recorte":"07023122603","cd_sudene":"2","nm_sudene":"NÃO-Área de atuação da SUDENE","cd_mun":"3122603","nm_mun":"Dom Joaquim"},"bbox":[-19.097713,-43.373819,-18.767526,-43.155997]},{"type":"Feature","id":"qg_2021_070_areasudene.fid-b14a33a_1a0649d18bf_-518c","geometry":null,"properties":{"cd_recorte":"07023122702","cd_sudene":"2","nm_sudene":"NÃO-Área de atuação da SUDENE","cd_mun":"3122702","nm_mun":"Dom Silvério"},"bbox":[-20.207963,-43.059715,-20.032201,-42.865896]},{"type":"Feature","id":"qg_2021_070_areasudene.fid-b14a33a_1a0649d18bf_-518b","geometry":null,"properties":{"cd_recorte":"07023122801","cd_sudene":"2","nm_sudene":"NÃO-Área de atuação da SUDENE","cd_mun":"3122801","nm_mun":"Dom Viçoso"},"bbox":[-22.288239,-45.243454,-22.174982,-45.064243]},{"type":"Feature","id":"qg_2021_070_areasudene.fid-b14a33a_1a0649d18bf_-518a","geometry":null,"properties":{"cd_recorte":"07023122900","cd_sudene":"2","nm_sudene":"NÃO-Área de atuação da SUDENE","cd_mun":"3122900","nm_mun":"Dona Euzébia"},"bbox":[-21.391757,-42.839136,-21.260696,-42.7652]},{"type":"Feature","id":"qg_2021_070_areasudene.fid-b14a33a_1a0649d18bf_-5189","geometry":null,"properties":{"cd_recorte":"07023123007","cd_sudene":"2","nm_sudene":"NÃO-Área de atuação da SUDENE","cd_mun":"3123007","nm_mun":"Dores de Campos"},"bbox":[-21.161879,-44.055029,-21.040511,-43.926365]},{"type":"Feature","id":"qg_2021_070_areasudene.fid-b14a33a_1a0649d18bf_-5188","geometry":null,"properties":{"cd_recorte":"07023123205","cd_sudene":"2","nm_sudene":"NÃO-Área de atuação da SUDENE","cd_mun":"3123205","nm_mun":"Dores do Indaiá"},"bbox":[-19.705646,-45.745752,-19.302161,-45.325697]},{"type":"Feature","id":"qg_2021_070_areasudene.fid-b14a33a_1a0649d18bf_-5187","geometry":null,"properties":{"cd_recorte":"07023123304","cd_sudene":"2","nm_sudene":"NÃO-Área de atuação da SUDENE","cd_mun":"3123304","nm_mun":"Dores do Turvo"},"bbox":[-21.121506,-43.255844,-20.925378,-43.081639]},{"type":"Feature","id":"qg_2021_070_areasudene.fid-b14a33a_1a0649d18bf_-5186","geometry":null,"properties":{"cd_recorte":"07023123403","cd_sudene":"2","nm_sudene":"NÃO-Área de atuação da SUDENE","cd_mun":"3123403","nm_mun":"Doresópolis"},"bbox":[-20.352406,-45.975961,-20.21708,-45.799946]},{"type":"Feature","id":"qg_2021_070_areasudene.fid-b14a33a_1a0649d18bf_-5185","geometry":null,"properties":{"cd_recorte":"07023123502","cd_sudene":"2","nm_sudene":"NÃO-Área de atuação da SUDENE","cd_mun":"3123502","nm_mun":"Douradoquara"},"bbox":[-18.534382,-47.76949018,-18.352394,-47.452852]},{"type":"Feature","id":"qg_2021_070_areasudene.fid-b14a33a_1a0649d18bf_-5184","geometry":null,"properties":{"cd_recorte":"07023123528","cd_sudene":"2","nm_sudene":"NÃO-Área de atuação da SUDENE","cd_mun":"3123528","nm_mun":"Durandé"},"bbox":[-20.26009924,-41.88739,-20.041625,-41.726712]},{"type":"Feature","id":"qg_2021_070_areasudene.fid-b14a33a_1a0649d18bf_-5183","geometry":null,"properties":{"cd_recorte":"07023123601","cd_sudene":"2","nm_sudene":"NÃO-Área de atuação da SUDENE","cd_mun":"3123601","nm_mun":"Elói Mendes"},"bbox":[-21.76088999,-45.723378,-21.446345,-45.44668]},{"type":"Feature","id":"qg_2021_070_areasudene.fid-b14a33a_1a0649d18bf_-5182","geometry":null,"properties":{"cd_recorte":"07023123858","cd_sudene":"2","nm_sudene":"NÃO-Área de atuação da SUDENE","cd_mun":"3123858","nm_mun":"Entre Folhas"},"bbox":[-19.727273,-42.285156,-19.581825,-42.188016]},{"type":"Feature","id":"qg_2021_070_areasudene.fid-b14a33a_1a0649d18bf_-5181","geometry":null,"properties":{"cd_recorte":"07023123908","cd_sudene":"2","nm_sudene":"NÃO-Área de atuação da SUDENE","cd_mun":"3123908","nm_mun":"Entre Rios de Minas"},"bbox":[-20.81361,-44.265336,-20.594749,-43.944684]},{"type":"Feature","id":"qg_2021_070_areasudene.fid-b14a33a_1a0649d18bf_-5180","geometry":null,"properties":{"cd_recorte":"07023124005","cd_sudene":"2","nm_sudene":"NÃO-Área de atuação da SUDENE","cd_mun":"3124005","nm_mun":"Ervália"},"bbox":[-20.986297,-42.729872,-20.751855,-42.479201]},{"type":"Feature","id":"qg_2021_070_areasudene.fid-b14a33a_1a0649d18bf_-517f","geometry":null,"properties":{"cd_recorte":"07023124104","cd_sudene":"2","nm_sudene":"NÃO-Área de atuação da SUDENE","cd_mun":"3124104","nm_mun":"Esmeraldas"},"bbox":[-19.945846,-44.509876,-19.576947,-44.1326199]},{"type":"Feature","id":"qg_2021_070_areasudene.fid-b14a33a_1a0649d18bf_-517e","geometry":null,"properties":{"cd_recorte":"07023124203","cd_sudene":"2","nm_sudene":"NÃO-Área de atuação da SUDENE","cd_mun":"3124203","nm_mun":"Espera Feliz"},"bbox":[-20.695107,-42.087374,-20.481755,-41.80429885]},{"type":"Feature","id":"qg_2021_070_areasudene.fid-b14a33a_1a0649d18bf_-517d","geometry":null,"properties":{"cd_recorte":"07023124401","cd_sudene":"2","nm_sudene":"NÃO-Área de atuação da SUDENE","cd_mun":"3124401","nm_mun":"Espírito Santo do Dourado"},"bbox":[-22.127375,-46.072187,-21.869681,-45.889393]},{"type":"Feature","id":"qg_2021_070_areasudene.fid-b14a33a_1a0649d18bf_-517c","geometry":null,"properties":{"cd_recorte":"07023124500","cd_sudene":"2","nm_sudene":"NÃO-Área de atuação da SUDENE","cd_mun":"3124500","nm_mun":"Estiva"},"bbox":[-22.550054,-46.119782,-22.3606,-45.918332]},{"type":"Feature","id":"qg_2021_070_areasudene.fid-b14a33a_1a0649d18bf_-517b","geometry":null,"properties":{"cd_recorte":"07023124609","cd_sudene":"2","nm_sudene":"NÃO-Área de atuação da SUDENE","cd_mun":"3124609","nm_mun":"Estrela Dalva"},"bbox":[-21.78622129,-42.558911,-21.63310899,-42.37769861]},{"type":"Feature","id":"qg_2021_070_areasudene.fid-b14a33a_1a0649d18bf_-517a","geometry":null,"properties":{"cd_recorte":"07023124708","cd_sudene":"2","nm_sudene":"NÃO-Área de atuação da SUDENE","cd_mun":"3124708","nm_mun":"Estrela do Indaiá"},"bbox":[-19.718105,-45.94963,-19.429359,-45.636092]},{"type":"Feature","id":"qg_2021_070_areasudene.fid-b14a33a_1a0649d18bf_-5179","geometry":null,"properties":{"cd_recorte":"07023124807","cd_sudene":"2","nm_sudene":"NÃO-Área de atuação da SUDENE","cd_mun":"3124807","nm_mun":"Estrela do Sul"},"bbox":[-18.942055,-47.893495,-18.530091,-47.57631131]},{"type":"Feature","id":"qg_2021_070_areasudene.fid-b14a33a_1a0649d18bf_-5178","geometry":null,"properties":{"cd_recorte":"07023124906","cd_sudene":"2","nm_sudene":"NÃO-Área de atuação da SUDENE","cd_mun":"3124906","nm_mun":"Eugenópolis"},"bbox":[-21.142406,-42.302561,-20.854395,-42.11849417]},{"type":"Feature","id":"qg_2021_070_areasudene.fid-b14a33a_1a0649d18bf_-5177","geometry":null,"properties":{"cd_recorte":"07023125002","cd_sudene":"2","nm_sudene":"NÃO-Área de atuação da SUDENE","cd_mun":"3125002","nm_mun":"Ewbank da Câmara"},"bbox":[-21.64036899,-43.646617,-21.51205799,-43.472141]},{"type":"Feature","id":"qg_2021_070_areasudene.fid-b14a33a_1a0649d18bf_-5176","geometry":null,"properties":{"cd_recorte":"07023125101","cd_sudene":"2","nm_sudene":"NÃO-Área de atuação da SUDENE","cd_mun":"3125101","nm_mun":"Extrema"},"bbox":[-22.905224,-46.38419241,-22.71855,-46.167529]},{"type":"Feature","id":"qg_2021_070_areasudene.fid-b14a33a_1a0649d18bf_-5175","geometry":null,"properties":{"cd_recorte":"07023125200","cd_sudene":"2","nm_sudene":"NÃO-Área de atuação da SUDENE","cd_mun":"3125200","nm_mun":"Fama"},"bbox":[-21.532623,-45.868931,-21.393561,-45.764249]},{"type":"Feature","id":"qg_2021_070_areasudene.fid-b14a33a_1a0649d18bf_-5174","geometry":null,"properties":{"cd_recorte":"07023125309","cd_sudene":"2","nm_sudene":"NÃO-Área de atuação da SUDENE","cd_mun":"3125309","nm_mun":"Faria Lemos"},"bbox":[-20.84358825,-42.172207,-20.730619,-41.92607848]},{"type":"Feature","id":"qg_2021_070_areasudene.fid-b14a33a_1a0649d18bf_-5173","geometry":null,"properties":{"cd_recorte":"07023125705","cd_sudene":"2","nm_sudene":"NÃO-Área de atuação da SUDENE","cd_mun":"3125705","nm_mun":"Felixlândia"},"bbox":[-18.884958,-45.246064,-18.500536,-44.646907]},{"type":"Feature","id":"qg_2021_070_areasudene.fid-b14a33a_1a0649d18bf_-5172","geometry":null,"properties":{"cd_recorte":"07023125903","cd_sudene":"2","nm_sudene":"NÃO-Área de atuação da SUDENE","cd_mun":"3125903","nm_mun":"Ferros"},"bbox":[-19.435128,-43.167828,-19.059366,-42.726623]},{"type":"Feature","id":"qg_2021_070_areasudene.fid-b14a33a_1a0649d18bf_-5171","geometry":null,"properties":{"cd_recorte":"07023125952","cd_sudene":"2","nm_sudene":"NÃO-Área de atuação da SUDENE","cd_mun":"3125952","nm_mun":"Fervedouro"},"bbox":[-20.778345,-42.481189,-20.569787,-42.216118]},{"type":"Feature","id":"qg_2021_070_areasudene.fid-b14a33a_1a0649d18bf_-5170","geometry":null,"properties":{"cd_recorte":"07023126000","cd_sudene":"2","nm_sudene":"NÃO-Área de atuação da SUDENE","cd_mun":"3126000","nm_mun":"Florestal"},"bbox":[-19.954719,-44.541103,-19.762743,-44.338722]},{"type":"Feature","id":"qg_2021_070_areasudene.fid-b14a33a_1a0649d18bf_-516f","geometry":null,"properties":{"cd_recorte":"07023126109","cd_sudene":"2","nm_sudene":"NÃO-Área de atuação da SUDENE","cd_mun":"3126109","nm_mun":"Formiga"},"bbox":[-20.736437,-45.831798,-20.312043,-45.251381]},{"type":"Feature","id":"qg_2021_070_areasudene.fid-b14a33a_1a0649d18bf_-516e","geometry":null,"properties":{"cd_recorte":"07023126307","cd_sudene":"2","nm_sudene":"NÃO-Área de atuação da SUDENE","cd_mun":"3126307","nm_mun":"Fortaleza de Minas"},"bbox":[-20.975725,-46.874613,-20.803432,-46.668225]},{"type":"Feature","id":"qg_2021_070_areasudene.fid-b14a33a_1a0649d18bf_-516d","geometry":null,"properties":{"cd_recorte":"07023126406","cd_sudene":"2","nm_sudene":"NÃO-Área de atuação da SUDENE","cd_mun":"3126406","nm_mun":"Fortuna de Minas"},"bbox":[-19.643125,-44.586811,-19.426446,-44.400354]},{"type":"Feature","id":"qg_2021_070_areasudene.fid-b14a33a_1a0649d18bf_-516c","geometry":null,"properties":{"cd_recorte":"07023127008","cd_sudene":"2","nm_sudene":"NÃO-Área de atuação da SUDENE","cd_mun":"3127008","nm_mun":"Fronteira"},"bbox":[-20.31465981,-49.26524862,-20.123574,-49.06589713]},{"type":"Feature","id":"qg_2021_070_areasudene.fid-b14a33a_1a0649d18bf_-516b","geometry":null,"properties":{"cd_recorte":"07023127107","cd_sudene":"2","nm_sudene":"NÃO-Área de atuação da SUDENE","cd_mun":"3127107","nm_mun":"Frutal"},"bbox":[-20.44187309,-49.30853804,-19.776129,-48.729491]},{"type":"Feature","id":"qg_2021_070_areasudene.fid-b14a33a_1a0649d18bf_-516a","geometry":null,"properties":{"cd_recorte":"07023127206","cd_sudene":"2","nm_sudene":"NÃO-Área de atuação da SUDENE","cd_mun":"3127206","nm_mun":"Funilândia"},"bbox":[-19.448197,-44.164016,-19.271864,-43.975199]},{"type":"Feature","id":"qg_2021_070_areasudene.fid-b14a33a_1a0649d18bf_-5169","geometry":null,"properties":{"cd_recorte":"07023127388","cd_sudene":"2","nm_sudene":"NÃO-Área de atuação da SUDENE","cd_mun":"3127388","nm_mun":"Goianá"},"bbox":[-21.63347099,-43.264597,-21.49423399,-43.103412]},{"type":"Feature","id":"qg_2021_070_areasudene.fid-b14a33a_1a0649d18bf_-5168","geometry":null,"properties":{"cd_recorte":"07023127404","cd_sudene":"2","nm_sudene":"NÃO-Área de atuação da SUDENE","cd_mun":"3127404","nm_mun":"Gonçalves"},"bbox":[-22.756894,-45.94912,-22.606014,-45.69399266]},{"type":"Feature","id":"qg_2021_070_areasudene.fid-b14a33a_1a0649d18bf_-5167","geometry":null,"properties":{"cd_recorte":"07023127602","cd_sudene":"2","nm_sudene":"NÃO-Área de atuação da SUDENE","cd_mun":"3127602","nm_mun":"Gouveia"},"bbox":[-18.678044,-44.074233,-18.332769,-43.666103]},{"type":"Feature","id":"qg_2021_070_areasudene.fid-b14a33a_1a0649d18bf_-5166","geometry":null,"properties":{"cd_recorte":"07023127909","cd_sudene":"2","nm_sudene":"NÃO-Área de atuação da SUDENE","cd_mun":"3127909","nm_mun":"Grupiara"},"bbox":[-18.57682,-47.86488077,-18.40011544,-47.66185]},{"type":"Feature","id":"qg_2021_070_areasudene.fid-b14a33a_1a0649d18bf_-5165","geometry":null,"properties":{"cd_recorte":"07023128105","cd_sudene":"2","nm_sudene":"NÃO-Área de atuação da SUDENE","cd_mun":"3128105","nm_mun":"Guapé"},"bbox":[-20.897773,-46.174372,-20.588125,-45.673359]},{"type":"Feature","id":"qg_2021_070_areasudene.fid-b14a33a_1a0649d18bf_-5164","geometry":null,"properties":{"cd_recorte":"07023128204","cd_sudene":"2","nm_sudene":"NÃO-Área de atuação da SUDENE","cd_mun":"3128204","nm_mun":"Guaraciaba"},"bbox":[-20.678416,-43.157291,-20.448893,-42.880789]},{"type":"Feature","id":"qg_2021_070_areasudene.fid-b14a33a_1a0649d18bf_-5163","geometry":null,"properties":{"cd_recorte":"07023128303","cd_sudene":"2","nm_sudene":"NÃO-Área de atuação da SUDENE","cd_mun":"3128303","nm_mun":"Guaranésia"},"bbox":[-21.40719524,-46.899335,-21.151082,-46.715306]},{"type":"Feature","id":"qg_2021_070_areasudene.fid-b14a33a_1a0649d18bf_-5162","geometry":null,"properties":{"cd_recorte":"07023128402","cd_sudene":"2","nm_sudene":"NÃO-Área de atuação da SUDENE","cd_mun":"3128402","nm_mun":"Guarani"},"bbox":[-21.440556,-43.184816,-21.290709,-42.92416]},{"type":"Feature","id":"qg_2021_070_areasudene.fid-b14a33a_1a0649d18bf_-5161","geometry":null,"properties":{"cd_recorte":"07023128501","cd_sudene":"2","nm_sudene":"NÃO-Área de atuação da SUDENE","cd_mun":"3128501","nm_mun":"Guarará"},"bbox":[-21.82708699,-43.076288,-21.69832699,-42.954826]},{"type":"Feature","id":"qg_2021_070_areasudene.fid-b14a33a_1a0649d18bf_-5160","geometry":null,"properties":{"cd_recorte":"07023128600","cd_sudene":"2","nm_sudene":"NÃO-Área de atuação da SUDENE","cd_mun":"3128600","nm_mun":"Guarda-Mor"},"bbox":[-18.04351572,-47.37261582,-17.463084,-46.858094]},{"type":"Feature","id":"qg_2021_070_areasudene.fid-b14a33a_1a0649d18bf_-515f","geometry":null,"properties":{"cd_recorte":"07023128709","cd_sudene":"2","nm_sudene":"NÃO-Área de atuação da SUDENE","cd_mun":"3128709","nm_mun":"Guaxupé"},"bbox":[-21.40489161,-46.766048,-21.176629,-46.600486]},{"type":"Feature","id":"qg_2021_070_areasudene.fid-b14a33a_1a0649d18bf_-515e","geometry":null,"properties":{"cd_recorte":"07023128808","cd_sudene":"2","nm_sudene":"NÃO-Área de atuação da SUDENE","cd_mun":"3128808","nm_mun":"Guidoval"},"bbox":[-21.27175,-42.862424,-21.092875,-42.70673]},{"type":"Feature","id":"qg_2021_070_areasudene.fid-b14a33a_1a0649d18bf_-515d","geometry":null,"properties":{"cd_recorte":"07023128907","cd_sudene":"2","nm_sudene":"NÃO-Área de atuação da SUDENE","cd_mun":"3128907","nm_mun":"Guimarânia"},"bbox":[-18.942603,-46.864829,-18.650732,-46.621095]},{"type":"Feature","id":"qg_2021_070_areasudene.fid-b14a33a_1a0649d18bf_-515c","geometry":null,"properties":{"cd_recorte":"07023129004","cd_sudene":"2","nm_sudene":"NÃO-Área de atuação da SUDENE","cd_mun":"3129004","nm_mun":"Guiricema"},"bbox":[-21.141851,-42.790139,-20.891669,-42.611265]},{"type":"Feature","id":"qg_2021_070_areasudene.fid-b14a33a_1a0649d18bf_-515b","geometry":null,"properties":{"cd_recorte":"07023129103","cd_sudene":"2","nm_sudene":"NÃO-Área de atuação da SUDENE","cd_mun":"3129103","nm_mun":"Gurinhatã"},"bbox":[-19.330331,-50.129026,-18.786159,-49.59913]},{"type":"Feature","id":"qg_2021_070_areasudene.fid-b14a33a_1a0649d18bf_-515a","geometry":null,"properties":{"cd_recorte":"07023129202","cd_sudene":"2","nm_sudene":"NÃO-Área de atuação da SUDENE","cd_mun":"3129202","nm_mun":"Heliodora"},"bbox":[-22.103038,-45.640122,-21.987114,-45.451417]},{"type":"Feature","id":"qg_2021_070_areasudene.fid-b14a33a_1a0649d18bf_-5159","geometry":null,"properties":{"cd_recorte":"07023129301","cd_sudene":"2","nm_sudene":"NÃO-Área de atuação da SUDENE","cd_mun":"3129301","nm_mun":"Iapu"},"bbox":[-19.547098,-42.337636,-19.155744,-42.152786]},{"type":"Feature","id":"qg_2021_070_areasudene.fid-b14a33a_1a0649d18bf_-5158","geometry":null,"properties":{"cd_recorte":"07023129400","cd_sudene":"2","nm_sudene":"NÃO-Área de atuação da SUDENE","cd_mun":"3129400","nm_mun":"Ibertioga"},"bbox":[-21.543836,-44.089107,-21.353064,-43.82343]},{"type":"Feature","id":"qg_2021_070_areasudene.fid-b14a33a_1a0649d18bf_-5157","geometry":null,"properties":{"cd_recorte":"07023129509","cd_sudene":"2","nm_sudene":"NÃO-Área de atuação da SUDENE","cd_mun":"3129509","nm_mun":"Ibiá"},"bbox":[-19.92676,-46.906277,-19.285279,-46.266239]},{"type":"Feature","id":"qg_2021_070_areasudene.fid-b14a33a_1a0649d18bf_-5156","geometry":null,"properties":{"cd_recorte":"07023129707","cd_sudene":"2","nm_sudene":"NÃO-Área de atuação da SUDENE","cd_mun":"3129707","nm_mun":"Ibiraci"},"bbox":[-20.5611054,-47.23256979,-20.218385,-46.978798]},{"type":"Feature","id":"qg_2021_070_areasudene.fid-b14a33a_1a0649d18bf_-5155","geometry":null,"properties":{"cd_recorte":"07023129806","cd_sudene":"2","nm_sudene":"NÃO-Área de atuação da SUDENE","cd_mun":"3129806","nm_mun":"Ibirité"},"bbox":[-20.080009,-44.13071272,-19.96515124,-44.009319]},{"type":"Feature","id":"qg_2021_070_areasudene.fid-b14a33a_1a0649d18bf_-5154","geometry":null,"properties":{"cd_recorte":"07023129905","cd_sudene":"2","nm_sudene":"NÃO-Área de atuação da SUDENE","cd_mun":"3129905","nm_mun":"Ibitiúra de Minas"},"bbox":[-22.122222,-46.454354,-22.00985799,-46.346922]},{"type":"Feature","id":"qg_2021_070_areasudene.fid-b14a33a_1a0649d18bf_-5153","geometry":null,"properties":{"cd_recorte":"07023130002","cd_sudene":"2","nm_sudene":"NÃO-Área de atuação da SUDENE","cd_mun":"3130002","nm_mun":"Ibituruna"},"bbox":[-21.235858,-44.88008,-21.10475,-44.701183]},{"type":"Feature","id":"qg_2021_070_areasudene.fid-b14a33a_1a0649d18bf_-5152","geometry":null,"properties":{"cd_recorte":"07023130101","cd_sudene":"2","nm_sudene":"NÃO-Área de atuação da SUDENE","cd_mun":"3130101","nm_mun":"Igarapé"},"bbox":[-20.121711,-44.37555891,-19.99314135,-44.27114243]},{"type":"Feature","id":"qg_2021_070_areasudene.fid-b14a33a_1a0649d18bf_-5151","geometry":null,"properties":{"cd_recorte":"07023130200","cd_sudene":"2","nm_sudene":"NÃO-Área de atuação da SUDENE","cd_mun":"3130200","nm_mun":"Igaratinga"},"bbox":[-20.084738,-44.817463,-19.867152,-44.61204]},{"type":"Feature","id":"qg_2021_070_areasudene.fid-b14a33a_1a0649d18bf_-5150","geometry":null,"properties":{"cd_recorte":"07023130309","cd_sudene":"2","nm_sudene":"NÃO-Área de atuação da SUDENE","cd_mun":"3130309","nm_mun":"Iguatama"},"bbox":[-20.303368,-45.890216,-19.965975,-45.629761]},{"type":"Feature","id":"qg_2021_070_areasudene.fid-b14a33a_1a0649d18bf_-514f","geometry":null,"properties":{"cd_recorte":"07023130408","cd_sudene":"2","nm_sudene":"NÃO-Área de atuação da SUDENE","cd_mun":"3130408","nm_mun":"Ijaci"},"bbox":[-21.240763,-44.993022,-21.108994,-44.861672]},{"type":"Feature","id":"qg_2021_070_areasudene.fid-b14a33a_1a0649d18bf_-514e","geometry":null,"properties":{"cd_recorte":"07023130507","cd_sudene":"2","nm_sudene":"NÃO-Área de atuação da SUDENE","cd_mun":"3130507","nm_mun":"Ilicínea"},"bbox":[-21.035821,-45.946156,-20.835677,-45.67891]},{"type":"Feature","id":"qg_2021_070_areasudene.fid-b14a33a_1a0649d18bf_-514d","geometry":null,"properties":{"cd_recorte":"07023130606","cd_sudene":"2","nm_sudene":"NÃO-Área de atuação da SUDENE","cd_mun":"3130606","nm_mun":"Inconfidentes"},"bbox":[-22.424287,-46.362671,-22.266928,-46.21045]},{"type":"Feature","id":"qg_2021_070_areasudene.fid-b14a33a_1a0649d18bf_-514c","geometry":null,"properties":{"cd_recorte":"07023130705","cd_sudene":"2","nm_sudene":"NÃO-Área de atuação da SUDENE","cd_mun":"3130705","nm_mun":"Indianópolis"},"bbox":[-19.107081,-48.06139,-18.826446,-47.666215]},{"type":"Feature","id":"qg_2021_070_areasudene.fid-b14a33a_1a0649d18bf_-514a","geometry":null,"properties":{"cd_recorte":"07023130804","cd_sudene":"2","nm_sudene":"NÃO-Área de atuação da SUDENE","cd_mun":"3130804","nm_mun":"Ingaí"},"bbox":[-21.52169,-45.086356,-21.326405,-44.806742]},{"type":"Feature","id":"qg_2021_070_areasudene.fid-b14a33a_1a0649d18bf_-5149","geometry":null,"properties":{"cd_recorte":"07023131000","cd_sudene":"2","nm_sudene":"NÃO-Área de atuação da SUDENE","cd_mun":"3131000","nm_mun":"Inhaúma"},"bbox":[-19.592653,-44.541768,-19.406351,-44.306534]},{"type":"Feature","id":"qg_2021_070_areasudene.fid-b14a33a_1a0649d18bf_-5148","geometry":null,"properties":{"cd_recorte":"07023131109","cd_sudene":"2","nm_sudene":"NÃO-Área de atuação da SUDENE","cd_mun":"3131109","nm_mun":"Inimutaba"},"bbox":[-18.965393,-44.410643,-18.581932,-44.145338]},{"type":"Feature","id":"qg_2021_070_areasudene.fid-b14a33a_1a0649d18bf_-5147","geometry":null,"properties":{"cd_recorte":"07023131158","cd_sudene":"2","nm_sudene":"NÃO-Área de atuação da SUDENE","cd_mun":"3131158","nm_mun":"Ipaba"},"bbox":[-19.469448,-42.43207,-19.327919,-42.278384]},{"type":"Feature","id":"qg_2021_070_areasudene.fid-b14a33a_1a0649d18bf_-5146","geometry":null,"properties":{"cd_recorte":"07023131208","cd_sudene":"2","nm_sudene":"NÃO-Área de atuação da SUDENE","cd_mun":"3131208","nm_mun":"Ipanema"},"bbox":[-19.931818,-41.843861,-19.577666,-41.651945]},{"type":"Feature","id":"qg_2021_070_areasudene.fid-b14a33a_1a0649d18bf_-5145","geometry":null,"properties":{"cd_recorte":"07023131307","cd_sudene":"2","nm_sudene":"NÃO-Área de atuação da SUDENE","cd_mun":"3131307","nm_mun":"Ipatinga"},"bbox":[-19.52183759,-42.705993,-19.368153,-42.49269897]},{"type":"Feature","id":"qg_2021_070_areasudene.fid-b14a33a_1a0649d18bf_-5144","geometry":null,"properties":{"cd_recorte":"07023131406","cd_sudene":"2","nm_sudene":"NÃO-Área de atuação da SUDENE","cd_mun":"3131406","nm_mun":"Ipiaçu"},"bbox":[-18.814613,-50.07976586,-18.59936348,-49.791111]},{"type":"Feature","id":"qg_2021_070_areasudene.fid-b14a33a_1a0649d18bf_-5143","geometry":null,"properties":{"cd_recorte":"07023131505","cd_sudene":"2","nm_sudene":"NÃO-Área de atuação da SUDENE","cd_mun":"3131505","nm_mun":"Ipuiúna"},"bbox":[-22.151613,-46.255116,-21.858241,-46.045113]},{"type":"Feature","id":"qg_2021_070_areasudene.fid-b14a33a_1a0649d18bf_-5142","geometry":null,"properties":{"cd_recorte":"07023131604","cd_sudene":"2","nm_sudene":"NÃO-Área de atuação da SUDENE","cd_mun":"3131604","nm_mun":"Iraí de Minas"},"bbox":[-19.139529,-47.597565,-18.95774,-47.323547]},{"type":"Feature","id":"qg_2021_070_areasudene.fid-b14a33a_1a0649d18bf_-5141","geometry":null,"properties":{"cd_recorte":"07023131703","cd_sudene":"2","nm_sudene":"NÃO-Área de atuação da SUDENE","cd_mun":"3131703","nm_mun":"Itabira"},"bbox":[-19.789124,-43.542942,-19.417688,-43.054342]},{"type":"Feature","id":"qg_2021_070_areasudene.fid-b14a33a_1a0649d18bf_-513f","geometry":null,"properties":{"cd_recorte":"07023131901","cd_sudene":"2","nm_sudene":"NÃO-Área de atuação da SUDENE","cd_mun":"3131901","nm_mun":"Itabirito"},"bbox":[-20.393574,-43.976084,-20.11770951,-43.615194]},{"type":"Feature","id":"qg_2021_070_areasudene.fid-b14a33a_1a0649d18bf_-513e","geometry":null,"properties":{"cd_recorte":"07023132206","cd_sudene":"2","nm_sudene":"NÃO-Área de atuação da SUDENE","cd_mun":"3132206","nm_mun":"Itaguara"},"bbox":[-20.486693,-44.658902,-20.25575,-44.406978]},{"type":"Feature","id":"qg_2021_070_areasudene.fid-b14a33a_1a0649d18bf_-513d","geometry":null,"properties":{"cd_recorte":"07023132404","cd_sudene":"2","nm_sudene":"NÃO-Área de atuação da SUDENE","cd_mun":"3132404","nm_mun":"Itajubá"},"bbox":[-22.539726,-45.530293,-22.339256,-45.2610289]},{"type":"Feature","id":"qg_2021_070_areasudene.fid-b14a33a_1a0649d18bf_-513c","geometry":null,"properties":{"cd_recorte":"07023132602","cd_sudene":"2","nm_sudene":"NÃO-Área de atuação da SUDENE","cd_mun":"3132602","nm_mun":"Itamarati de Minas"},"bbox":[-21.48494999,-42.912605,-21.368851,-42.778083]},{"type":"Feature","id":"qg_2021_070_areasudene.fid-b14a33a_1a0649d18bf_-513b","geometry":null,"properties":{"cd_recorte":"07023132800","cd_sudene":"2","nm_sudene":"NÃO-Área de atuação da SUDENE","cd_mun":"3132800","nm_mun":"Itambé do Mato Dentro"},"bbox":[-19.511815,-43.521159,-19.309022,-43.192047]},{"type":"Feature","id":"qg_2021_070_areasudene.fid-b14a33a_1a0649d18bf_-513a","geometry":null,"properties":{"cd_recorte":"07023132909","cd_sudene":"2","nm_sudene":"NÃO-Área de atuação da SUDENE","cd_mun":"3132909","nm_mun":"Itamogi"},"bbox":[-21.155115,-47.1481212,-20.996891,-46.93542]},{"type":"Feature","id":"qg_2021_070_areasudene.fid-b14a33a_1a0649d18bf_-5139","geometry":null,"properties":{"cd_recorte":"07023133006","cd_sudene":"2","nm_sudene":"NÃO-Área de atuação da SUDENE","cd_mun":"3133006","nm_mun":"Itamonte"},"bbox":[-22.393756,-44.897597,-22.185052,-44.597289]},{"type":"Feature","id":"qg_2021_070_areasudene.fid-b14a33a_1a0649d18bf_-5138","geometry":null,"properties":{"cd_recorte":"07023133105","cd_sudene":"2","nm_sudene":"NÃO-Área de atuação da SUDENE","cd_mun":"3133105","nm_mun":"Itanhandu"},"bbox":[-22.404691,-45.018972,-22.25211752,-44.80352867]},{"type":"Feature","id":"qg_2021_070_areasudene.fid-b14a33a_1a0649d18bf_-5137","geometry":null,"properties":{"cd_recorte":"07023133402","cd_sudene":"2","nm_sudene":"NÃO-Área de atuação da SUDENE","cd_mun":"3133402","nm_mun":"Itapagipe"},"bbox":[-19.98671726,-49.75306,-19.524959,-49.139451]},{"type":"Feature","id":"qg_2021_070_areasudene.fid-b14a33a_1a0649d18bf_-5136","geometry":null,"properties":{"cd_recorte":"07023133501","cd_sudene":"2","nm_sudene":"NÃO-Área de atuação da SUDENE","cd_mun":"3133501","nm_mun":"Itapecerica"},"bbox":[-20.650918,-45.321524,-20.259089,-44.882613]},{"type":"Feature","id":"qg_2021_070_areasudene.fid-b14a33a_1a0649d18bf_-5135","geometry":null,"properties":{"cd_recorte":"07023133600","cd_sudene":"2","nm_sudene":"NÃO-Área de atuação da SUDENE","cd_mun":"3133600","nm_mun":"Itapeva"},"bbox":[-22.806591,-46.308221,-22.607683,-46.124425]},{"type":"Feature","id":"qg_2021_070_areasudene.fid-b14a33a_1a0649d18bf_-5134","geometry":null,"properties":{"cd_recorte":"07023133709","cd_sudene":"2","nm_sudene":"NÃO-Área de atuação da SUDENE","cd_mun":"3133709","nm_mun":"Itatiaiuçu"},"bbox":[-20.292585,-44.574241,-20.119555,-44.336454]},{"type":"Feature","id":"qg_2021_070_areasudene.fid-b14a33a_1a0649d18bf_-5133","geometry":null,"properties":{"cd_recorte":"07023133758","cd_sudene":"2","nm_sudene":"NÃO-Área de atuação da SUDENE","cd_mun":"3133758","nm_mun":"Itaú de Minas"},"bbox":[-20.840713,-46.849026,-20.628685,-46.695221]},{"type":"Feature","id":"qg_2021_070_areasudene.fid-b14a33a_1a0649d18bf_-5132","geometry":null,"properties":{"cd_recorte":"07023133808","cd_sudene":"2","nm_sudene":"NÃO-Área de atuação da SUDENE","cd_mun":"3133808","nm_mun":"Itaúna"},"bbox":[-20.224406,-44.718151,-19.935697,-44.444987]},{"type":"Feature","id":"qg_2021_070_areasudene.fid-b14a33a_1a0649d18bf_-5131","geometry":null,"properties":{"cd_recorte":"07023133907","cd_sudene":"2","nm_sudene":"NÃO-Área de atuação da SUDENE","cd_mun":"3133907","nm_mun":"Itaverava"},"bbox":[-20.771809,-43.710824,-20.584101,-43.491643]},{"type":"Feature","id":"qg_2021_070_areasudene.fid-b14a33a_1a0649d18bf_-5130","geometry":null,"properties":{"cd_recorte":"07023134202","cd_sudene":"2","nm_sudene":"NÃO-Área de atuação da SUDENE","cd_mun":"3134202","nm_mun":"Ituiutaba"},"bbox":[-19.361547,-49.872179,-18.609233,-49.181436]},{"type":"Feature","id":"qg_2021_070_areasudene.fid-b14a33a_1a0649d18bf_-512f","geometry":null,"properties":{"cd_recorte":"07023134301","cd_sudene":"2","nm_sudene":"NÃO-Área de atuação da SUDENE","cd_mun":"3134301","nm_mun":"Itumirim"},"bbox":[-21.393979,-44.907457,-21.166667,-44.749824]},{"type":"Feature","id":"qg_2021_070_areasudene.fid-b14a33a_1a0649d18bf_-512e","geometry":null,"properties":{"cd_recorte":"07023134400","cd_sudene":"2","nm_sudene":"NÃO-Área de atuação da SUDENE","cd_mun":"3134400","nm_mun":"Iturama"},"bbox":[-19.87837895,-50.692165,-19.549016,-50.083048]},{"type":"Feature","id":"qg_2021_070_areasudene.fid-b14a33a_1a0649d18bf_-512d","geometry":null,"properties":{"cd_recorte":"07023134509","cd_sudene":"2","nm_sudene":"NÃO-Área de atuação da SUDENE","cd_mun":"3134509","nm_mun":"Itutinga"},"bbox":[-21.477809,-44.819692,-21.203451,-44.597489]},{"type":"Feature","id":"qg_2021_070_areasudene.fid-b14a33a_1a0649d18bf_-512c","geometry":null,"properties":{"cd_recorte":"07023134608","cd_sudene":"2","nm_sudene":"NÃO-Área de atuação da SUDENE","cd_mun":"3134608","nm_mun":"Jaboticatubas"},"bbox":[-19.613236,-43.95962,-19.231744,-43.478047]},{"type":"Feature","id":"qg_2021_070_areasudene.fid-b14a33a_1a0649d18bf_-512a","geometry":null,"properties":{"cd_recorte":"07023134806","cd_sudene":"2","nm_sudene":"NÃO-Área de atuação da SUDENE","cd_mun":"3134806","nm_mun":"Jacuí"},"bbox":[-21.157659,-46.894334,-20.890738,-46.612813]},{"type":"Feature","id":"qg_2021_070_areasudene.fid-b14a33a_1a0649d18bf_-5129","geometry":null,"properties":{"cd_recorte":"07023134905","cd_sudene":"2","nm_sudene":"NÃO-Área de atuação da SUDENE","cd_mun":"3134905","nm_mun":"Jacutinga"},"bbox":[-22.386398,-46.72326025,-22.18386433,-46.480589]},{"type":"Feature","id":"qg_2021_070_areasudene.fid-b14a33a_1a0649d18bf_-5128","geometry":null,"properties":{"cd_recorte":"07023135001","cd_sudene":"2","nm_sudene":"NÃO-Área de atuação da SUDENE","cd_mun":"3135001","nm_mun":"Jaguaraçu"},"bbox":[-19.71295,-42.808277,-19.54073439,-42.623928]},{"type":"Feature","id":"qg_2021_070_areasudene.fid-b14a33a_1a0649d18bf_-5127","geometry":null,"properties":{"cd_recorte":"07023135308","cd_sudene":"2","nm_sudene":"NÃO-Área de atuação da SUDENE","cd_mun":"3135308","nm_mun":"Japaraíba"},"bbox":[-20.206765,-45.627244,-20.061128,-45.439503]},{"type":"Feature","id":"qg_2021_070_areasudene.fid-b14a33a_1a0649d18bf_-5126","geometry":null,"properties":{"cd_recorte":"07023135407","cd_sudene":"2","nm_sudene":"NÃO-Área de atuação da SUDENE","cd_mun":"3135407","nm_mun":"Jeceaba"},"bbox":[-20.625536,-44.180162,-20.483949,-43.904961]},{"type":"Feature","id":"qg_2021_070_areasudene.fid-b14a33a_1a0649d18bf_-5125","geometry":null,"properties":{"cd_recorte":"07023135506","cd_sudene":"2","nm_sudene":"NÃO-Área de atuação da SUDENE","cd_mun":"3135506","nm_mun":"Jequeri"},"bbox":[-20.608703,-42.764498,-20.342131,-42.486323]},{"type":"Feature","id":"qg_2021_070_areasudene.fid-b14a33a_1a0649d18bf_-5124","geometry":null,"properties":{"cd_recorte":"07023135704","cd_sudene":"2","nm_sudene":"NÃO-Área de atuação da SUDENE","cd_mun":"3135704","nm_mun":"Jequitibá"},"bbox":[-19.336577,-44.161773,-19.078954,-43.835187]},{"type":"Feature","id":"qg_2021_070_areasudene.fid-b14a33a_1a0649d18bf_-5123","geometry":null,"properties":{"cd_recorte":"07023135902","cd_sudene":"2","nm_sudene":"NÃO-Área de atuação da SUDENE","cd_mun":"3135902","nm_mun":"Jesuânia"},"bbox":[-22.105518,-45.370885,-21.909747,-45.200155]},{"type":"Feature","id":"qg_2021_070_areasudene.fid-b14a33a_1a0649d18bf_-5122","geometry":null,"properties":{"cd_recorte":"07023136108","cd_sudene":"2","nm_sudene":"NÃO-Área de atuação da SUDENE","cd_mun":"3136108","nm_mun":"Joanésia"},"bbox":[-19.355615,-42.797456,-19.097281,-42.621159]},{"type":"Feature","id":"qg_2021_070_areasudene.fid-b14a33a_1a0649d18bf_-5121","geometry":null,"properties":{"cd_recorte":"07023136207","cd_sudene":"2","nm_sudene":"NÃO-Área de atuação da SUDENE","cd_mun":"3136207","nm_mun":"João Monlevade"},"bbox":[-19.895551,-43.223126,-19.783382,-43.089423]},{"type":"Feature","id":"qg_2021_070_areasudene.fid-b14a33a_1a0649d18bf_-5120","geometry":null,"properties":{"cd_recorte":"07023136306","cd_sudene":"2","nm_sudene":"NÃO-Área de atuação da SUDENE","cd_mun":"3136306","nm_mun":"João Pinheiro"},"bbox":[-18.327925,-46.564691,-16.962518,-45.381493]},{"type":"Feature","id":"qg_2021_070_areasudene.fid-b14a33a_1a0649d18bf_-511f","geometry":null,"properties":{"cd_recorte":"07023136405","cd_sudene":"2","nm_sudene":"NÃO-Área de atuação da SUDENE","cd_mun":"3136405","nm_mun":"Joaquim Felício"},"bbox":[-17.865836,-44.299949,-17.427322,-43.95596]},{"type":"Feature","id":"qg_2021_070_areasudene.fid-b14a33a_1a0649d18bf_-511e","geometry":null,"properties":{"cd_recorte":"07023136603","cd_sudene":"2","nm_sudene":"NÃO-Área de atuação da SUDENE","cd_mun":"3136603","nm_mun":"Nova União"},"bbox":[-19.764137,-43.633746,-19.483553,-43.526919]},{"type":"Feature","id":"qg_2021_070_areasudene.fid-b14a33a_1a0649d18bf_-511d","geometry":null,"properties":{"cd_recorte":"07023136652","cd_sudene":"2","nm_sudene":"NÃO-Área de atuação da SUDENE","cd_mun":"3136652","nm_mun":"Juatuba"},"bbox":[-20.00487629,-44.439493,-19.905204,-44.270149]},{"type":"Feature","id":"qg_2021_070_areasudene.fid-b14a33a_1a0649d18bf_-511c","geometry":null,"properties":{"cd_recorte":"07023136702","cd_sudene":"2","nm_sudene":"NÃO-Área de atuação da SUDENE","cd_mun":"3136702","nm_mun":"Juiz de Fora"},"bbox":[-21.99934199,-43.685934,-21.52053499,-43.146653]},{"type":"Feature","id":"qg_2021_070_areasudene.fid-b14a33a_1a0649d18bf_-511b","geometry":null,"properties":{"cd_recorte":"07023136900","cd_sudene":"2","nm_sudene":"NÃO-Área de atuação da SUDENE","cd_mun":"3136900","nm_mun":"Juruaia"},"bbox":[-21.307302,-46.625554,-21.150603,-46.402838]},{"type":"Feature","id":"qg_2021_070_areasudene.fid-b14a33a_1a0649d18bf_-511a","geometry":null,"properties":{"cd_recorte":"07023137106","cd_sudene":"2","nm_sudene":"NÃO-Área de atuação da SUDENE","cd_mun":"3137106","nm_mun":"Lagamar"},"bbox":[-18.319892,-46.952667,-17.736159,-46.539988]},{"type":"Feature","id":"qg_2021_070_areasudene.fid-b14a33a_1a0649d18bf_-5119","geometry":null,"properties":{"cd_recorte":"07023137205","cd_sudene":"2","nm_sudene":"NÃO-Área de atuação da SUDENE","cd_mun":"3137205","nm_mun":"Lagoa da Prata"},"bbox":[-20.15177,-45.617,-19.846461,-45.367077]},{"type":"Feature","id":"qg_2021_070_areasudene.fid-b14a33a_1a0649d18bf_-5118","geometry":null,"properties":{"cd_recorte":"07023137403","cd_sudene":"2","nm_sudene":"NÃO-Área de atuação da SUDENE","cd_mun":"3137403","nm_mun":"Lagoa Dourada"},"bbox":[-21.023665,-44.201978,-20.764448,-43.922213]},{"type":"Feature","id":"qg_2021_070_areasudene.fid-b14a33a_1a0649d18bf_-5117","geometry":null,"properties":{"cd_recorte":"07023137502","cd_sudene":"2","nm_sudene":"NÃO-Área de atuação da SUDENE","cd_mun":"3137502","nm_mun":"Lagoa Formosa"},"bbox":[-18.896905,-46.542739,-18.624364,-46.056357]},{"type":"Feature","id":"qg_2021_070_areasudene.fid-b14a33a_1a0649d18bf_-5116","geometry":null,"properties":{"cd_recorte":"07023137536","cd_sudene":"2","nm_sudene":"NÃO-Área de atuação da SUDENE","cd_mun":"3137536","nm_mun":"Lagoa Grande"},"bbox":[-18.013712,-46.67843,-17.486698,-46.319941]},{"type":"Feature","id":"qg_2021_070_areasudene.fid-b14a33a_1a0649d18bf_-5115","geometry":null,"properties":{"cd_recorte":"07023137601","cd_sudene":"2","nm_sudene":"NÃO-Área de atuação da SUDENE","cd_mun":"3137601","nm_mun":"Lagoa Santa"},"bbox":[-19.717107,-43.973728,-19.535315,-43.791692]},{"type":"Feature","id":"qg_2021_070_areasudene.fid-b14a33a_1a0649d18bf_-5114","geometry":null,"properties":{"cd_recorte":"07023137700","cd_sudene":"2","nm_sudene":"NÃO-Área de atuação da SUDENE","cd_mun":"3137700","nm_mun":"Lajinha"},"bbox":[-20.20736956,-41.75675369,-20.033256,-41.41114035]},{"type":"Feature","id":"qg_2021_070_areasudene.fid-b14a33a_1a0649d18bf_-5113","geometry":null,"properties":{"cd_recorte":"07023137809","cd_sudene":"2","nm_sudene":"NÃO-Área de atuação da SUDENE","cd_mun":"3137809","nm_mun":"Lambari"},"bbox":[-22.081928,-45.490114,-21.907978,-45.262446]},{"type":"Feature","id":"qg_2021_070_areasudene.fid-b14a33a_1a0649d18bf_-5112","geometry":null,"properties":{"cd_recorte":"07023137908","cd_sudene":"2","nm_sudene":"NÃO-Área de atuação da SUDENE","cd_mun":"3137908","nm_mun":"Lamim"},"bbox":[-20.836696,-43.561949,-20.715843,-43.406727]},{"type":"Feature","id":"qg_2021_070_areasudene.fid-b14a33a_1a0649d18bf_-5111","geometry":null,"properties":{"cd_recorte":"07023138005","cd_sudene":"2","nm_sudene":"NÃO-Área de atuação da SUDENE","cd_mun":"3138005","nm_mun":"Laranjal"},"bbox":[-21.450628,-42.536181,-21.254025,-42.376626]},{"type":"Feature","id":"qg_2021_070_areasudene.fid-b14a33a_1a0649d18bf_-5110","geometry":null,"properties":{"cd_recorte":"07023138203","cd_sudene":"2","nm_sudene":"NÃO-Área de atuação da SUDENE","cd_mun":"3138203","nm_mun":"Lavras"},"bbox":[-21.401744,-45.180515,-21.124845,-44.864239]},{"type":"Feature","id":"qg_2021_070_areasudene.fid-b14a33a_1a0649d18bf_-510f","geometry":null,"properties":{"cd_recorte":"07023138302","cd_sudene":"2","nm_sudene":"NÃO-Área de atuação da SUDENE","cd_mun":"3138302","nm_mun":"Leandro Ferreira"},"bbox":[-19.805955,-45.137659,-19.529506,-44.944896]},{"type":"Feature","id":"qg_2021_070_areasudene.fid-b14a33a_1a0649d18bf_-510e","geometry":null,"properties":{"cd_recorte":"07023138401","cd_sudene":"2","nm_sudene":"NÃO-Área de atuação da SUDENE","cd_mun":"3138401","nm_mun":"Leopoldina"},"bbox":[-21.70565299,-42.909713,-21.38363299,-42.409608]},{"type":"Feature","id":"qg_2021_070_areasudene.fid-b14a33a_1a0649d18bf_-510d","geometry":null,"properties":{"cd_recorte":"07023138500","cd_sudene":"2","nm_sudene":"NÃO-Área de atuação da SUDENE","cd_mun":"3138500","nm_mun":"Liberdade"},"bbox":[-22.155501,-44.437816,-21.861379,-44.227801]},{"type":"Feature","id":"qg_2021_070_areasudene.fid-b14a33a_1a0649d18bf_-510c","geometry":null,"properties":{"cd_recorte":"07023138609","cd_sudene":"2","nm_sudene":"NÃO-Área de atuação da SUDENE","cd_mun":"3138609","nm_mun":"Lima Duarte"},"bbox":[-21.964885,-44.101381,-21.634505,-43.629506]},{"type":"Feature","id":"qg_2021_070_areasudene.fid-b14a33a_1a0649d18bf_-510b","geometry":null,"properties":{"cd_recorte":"07023138625","cd_sudene":"2","nm_sudene":"NÃO-Área de atuação da SUDENE","cd_mun":"3138625","nm_mun":"Limeira do Oeste"},"bbox":[-19.629381,-50.87597209,-19.20993,-50.454844]},{"type":"Feature","id":"qg_2021_070_areasudene.fid-b14a33a_1a0649d18bf_-510a","geometry":null,"properties":{"cd_recorte":"07023138674","cd_sudene":"2","nm_sudene":"NÃO-Área de atuação da SUDENE","cd_mun":"3138674","nm_mun":"Luisburgo"},"bbox":[-20.509527,-42.136369,-20.36043,-42.005951]},{"type":"Feature","id":"qg_2021_070_areasudene.fid-b14a33a_1a0649d18bf_-5109","geometry":null,"properties":{"cd_recorte":"07023138708","cd_sudene":"2","nm_sudene":"NÃO-Área de atuação da SUDENE","cd_mun":"3138708","nm_mun":"Luminárias"},"bbox":[-21.642068,-45.065925,-21.404486,-44.739935]},{"type":"Feature","id":"qg_2021_070_areasudene.fid-b14a33a_1a0649d18bf_-5108","geometry":null,"properties":{"cd_recorte":"07023138807","cd_sudene":"2","nm_sudene":"NÃO-Área de atuação da SUDENE","cd_mun":"3138807","nm_mun":"Luz"},"bbox":[-20.073727,-45.929915,-19.654408,-45.475829]},{"type":"Feature","id":"qg_2021_070_areasudene.fid-b14a33a_1a0649d18bf_-5107","geometry":null,"properties":{"cd_recorte":"07023139003","cd_sudene":"2","nm_sudene":"NÃO-Área de atuação da SUDENE","cd_mun":"3139003","nm_mun":"Machado"},"bbox":[-21.823242,-46.11668,-21.53149,-45.692603]},{"type":"Feature","id":"qg_2021_070_areasudene.fid-b14a33a_1a0649d18bf_-5106","geometry":null,"properties":{"cd_recorte":"07023139102","cd_sudene":"2","nm_sudene":"NÃO-Área de atuação da SUDENE","cd_mun":"3139102","nm_mun":"Madre de Deus de Minas"},"bbox":[-21.612496,-44.481792,-21.370455,-44.197947]},{"type":"Feature","id":"qg_2021_070_areasudene.fid-b14a33a_1a0649d18bf_-5105","geometry":null,"properties":{"cd_recorte":"07023139409","cd_sudene":"2","nm_sudene":"NÃO-Área de atuação da SUDENE","cd_mun":"3139409","nm_mun":"Manhuaçu"},"bbox":[-20.37694,-42.217633,-19.98985,-41.954282]},{"type":"Feature","id":"qg_2021_070_areasudene.fid-b14a33a_1a0649d18bf_-5104","geometry":null,"properties":{"cd_recorte":"07023139508","cd_sudene":"2","nm_sudene":"NÃO-Área de atuação da SUDENE","cd_mun":"3139508","nm_mun":"Manhumirim"},"bbox":[-20.410522,-42.045688,-20.288127,-41.82211122]},{"type":"Feature","id":"qg_2021_070_areasudene.fid-b14a33a_1a0649d18bf_-5103","geometry":null,"properties":{"cd_recorte":"07023139706","cd_sudene":"2","nm_sudene":"NÃO-Área de atuação da SUDENE","cd_mun":"3139706","nm_mun":"Maravilhas"},"bbox":[-19.613744,-44.793896,-19.414837,-44.543415]},{"type":"Feature","id":"qg_2021_070_areasudene.fid-b14a33a_1a0649d18bf_-5102","geometry":null,"properties":{"cd_recorte":"07023139805","cd_sudene":"2","nm_sudene":"NÃO-Área de atuação da SUDENE","cd_mun":"3139805","nm_mun":"Mar de Espanha"},"bbox":[-21.997518,-43.153185,-21.73154599,-42.881513]},{"type":"Feature","id":"qg_2021_070_areasudene.fid-b14a33a_1a0649d18bf_-5101","geometry":null,"properties":{"cd_recorte":"07023139904","cd_sudene":"2","nm_sudene":"NÃO-Área de atuação da SUDENE","cd_mun":"3139904","nm_mun":"Maria da Fé"},"bbox":[-22.378563,-45.450106,-22.256888,-45.15259]},{"type":"Feature","id":"qg_2021_070_areasudene.fid-b14a33a_1a0649d18bf_-50ff","geometry":null,"properties":{"cd_recorte":"07023140001","cd_sudene":"2","nm_sudene":"NÃO-Área de atuação da SUDENE","cd_mun":"3140001","nm_mun":"Mariana"},"bbox":[-20.550266,-43.535365,-20.121519,-43.120751]},{"type":"Feature","id":"qg_2021_070_areasudene.fid-b14a33a_1a0649d18bf_-50fe","geometry":null,"properties":{"cd_recorte":"07023140159","cd_sudene":"2","nm_sudene":"NÃO-Área de atuação da SUDENE","cd_mun":"3140159","nm_mun":"Mário Campos"},"bbox":[-20.102352,-44.214221,-20.04502199,-44.124287]},{"type":"Feature","id":"qg_2021_070_areasudene.fid-b14a33a_1a0649d18bf_-50fd","geometry":null,"properties":{"cd_recorte":"07023140209","cd_sudene":"2","nm_sudene":"NÃO-Área de atuação da SUDENE","cd_mun":"3140209","nm_mun":"Maripá de Minas"},"bbox":[-21.742582,-43.029109,-21.649833,-42.898012]},{"type":"Feature","id":"qg_2021_070_areasudene.fid-b14a33a_1a0649d18bf_-50fc","geometry":null,"properties":{"cd_recorte":"07023140308","cd_sudene":"2","nm_sudene":"NÃO-Área de atuação da SUDENE","cd_mun":"3140308","nm_mun":"Marliéria"},"bbox":[-19.808855,-42.81216,-19.555474,-42.477565]},{"type":"Feature","id":"qg_2021_070_areasudene.fid-b14a33a_1a0649d18bf_-50fb","geometry":null,"properties":{"cd_recorte":"07023140407","cd_sudene":"2","nm_sudene":"NÃO-Área de atuação da SUDENE","cd_mun":"3140407","nm_mun":"Marmelópolis"},"bbox":[-22.53071174,-45.24638,-22.400435,-45.098186]},{"type":"Feature","id":"qg_2021_070_areasudene.fid-b14a33a_1a0649d18bf_-50fa","geometry":null,"properties":{"cd_recorte":"07023140506","cd_sudene":"2","nm_sudene":"NÃO-Área de atuação da SUDENE","cd_mun":"3140506","nm_mun":"Martinho Campos"},"bbox":[-19.578052,-45.414263,-19.197855,-44.990924]},{"type":"Feature","id":"qg_2021_070_areasudene.fid-b14a33a_1a0649d18bf_-50f9","geometry":null,"properties":{"cd_recorte":"07023140530","cd_sudene":"2","nm_sudene":"NÃO-Área de atuação da SUDENE","cd_mun":"3140530","nm_mun":"Martins Soares"},"bbox":[-20.31092477,-41.903105,-20.197995,-41.77496306]},{"type":"Feature","id":"qg_2021_070_areasudene.fid-b14a33a_1a0649d18bf_-50f8","geometry":null,"properties":{"cd_recorte":"07023140704","cd_sudene":"2","nm_sudene":"NÃO-Área de atuação da SUDENE","cd_mun":"3140704","nm_mun":"Mateus Leme"},"bbox":[-20.147692,-44.541885,-19.915735,-44.342918]},{"type":"Feature","id":"qg_2021_070_areasudene.fid-b14a33a_1a0649d18bf_-50f7","geometry":null,"properties":{"cd_recorte":"07023140803","cd_sudene":"2","nm_sudene":"NÃO-Área de atuação da SUDENE","cd_mun":"3140803","nm_mun":"Matias Barbosa"},"bbox":[-21.93030599,-43.393898,-21.80951908,-43.213308]},{"type":"Feature","id":"qg_2021_070_areasudene.fid-b14a33a_1a0649d18bf_-50f5","geometry":null,"properties":{"cd_recorte":"07023140902","cd_sudene":"2","nm_sudene":"NÃO-Área de atuação da SUDENE","cd_mun":"3140902","nm_mun":"Matipó"},"bbox":[-20.404694,-42.416239,-20.201985,-42.19621]},{"type":"Feature","id":"qg_2021_070_areasudene.fid-b14a33a_1a0649d18bf_-50f4","geometry":null,"properties":{"cd_recorte":"07023141108","cd_sudene":"2","nm_sudene":"NÃO-Área de atuação da SUDENE","cd_mun":"3141108","nm_mun":"Matozinhos"},"bbox":[-19.665384,-44.20023533,-19.396018,-43.929832]},{"type":"Feature","id":"qg_2021_070_areasudene.fid-b14a33a_1a0649d18bf_-50f3","geometry":null,"properties":{"cd_recorte":"07023141207","cd_sudene":"2","nm_sudene":"NÃO-Área de atuação da SUDENE","cd_mun":"3141207","nm_mun":"Matutina"},"bbox":[-19.29123,-46.114033,-19.077358,-45.833881]},{"type":"Feature","id":"qg_2021_070_areasudene.fid-b14a33a_1a0649d18bf_-50f2","geometry":null,"properties":{"cd_recorte":"07023141306","cd_sudene":"2","nm_sudene":"NÃO-Área de atuação da SUDENE","cd_mun":"3141306","nm_mun":"Medeiros"},"bbox":[-20.184556,-46.634723,-19.857663,-46.112785]},{"type":"Feature","id":"qg_2021_070_areasudene.fid-b14a33a_1a0649d18bf_-50f1","geometry":null,"properties":{"cd_recorte":"07023141603","cd_sudene":"2","nm_sudene":"NÃO-Área de atuação da SUDENE","cd_mun":"3141603","nm_mun":"Mercês"},"bbox":[-21.296497,-43.452953,-21.057683,-43.239647]},{"type":"Feature","id":"qg_2021_070_areasudene.fid-b14a33a_1a0649d18bf_-50f0","geometry":null,"properties":{"cd_recorte":"07023141702","cd_sudene":"2","nm_sudene":"NÃO-Área de atuação da SUDENE","cd_mun":"3141702","nm_mun":"Mesquita"},"bbox":[-19.381713,-42.69762,-19.117851,-42.515974]},{"type":"Feature","id":"qg_2021_070_areasudene.fid-b14a33a_1a0649d18bf_-50ef","geometry":null,"properties":{"cd_recorte":"07023141900","cd_sudene":"2","nm_sudene":"NÃO-Área de atuação da SUDENE","cd_mun":"3141900","nm_mun":"Minduri"},"bbox":[-21.774087,-44.70328,-21.575688,-44.493654]},{"type":"Feature","id":"qg_2021_070_areasudene.fid-b14a33a_1a0649d18bf_-50ee","geometry":null,"properties":{"cd_recorte":"07023142106","cd_sudene":"2","nm_sudene":"NÃO-Área de atuação da SUDENE","cd_mun":"3142106","nm_mun":"Miradouro"},"bbox":[-20.958788,-42.514032,-20.747659,-42.259725]},{"type":"Feature","id":"qg_2021_070_areasudene.fid-b14a33a_1a0649d18bf_-50ed","geometry":null,"properties":{"cd_recorte":"07023142205","cd_sudene":"2","nm_sudene":"NÃO-Área de atuação da SUDENE","cd_mun":"3142205","nm_mun":"Miraí"},"bbox":[-21.243958,-42.752886,-21.043982,-42.501138]},{"type":"Feature","id":"qg_2021_070_areasudene.fid-b14a33a_1a0649d18bf_-50ec","geometry":null,"properties":{"cd_recorte":"07023142304","cd_sudene":"2","nm_sudene":"NÃO-Área de atuação da SUDENE","cd_mun":"3142304","nm_mun":"Moeda"},"bbox":[-20.405011,-44.087095,-20.254114,-43.926728]},{"type":"Feature","id":"qg_2021_070_areasudene.fid-b14a33a_1a0649d18bf_-50eb","geometry":null,"properties":{"cd_recorte":"07023142403","cd_sudene":"2","nm_sudene":"NÃO-Área de atuação da SUDENE","cd_mun":"3142403","nm_mun":"Moema"},"bbox":[-19.935177,-45.508148,-19.754574,-45.289484]},{"type":"Feature","id":"qg_2021_070_areasudene.fid-b14a33a_1a0649d18bf_-50ea","geometry":null,"properties":{"cd_recorte":"07023142502","cd_sudene":"2","nm_sudene":"NÃO-Área de atuação da SUDENE","cd_mun":"3142502","nm_mun":"Monjolos"},"bbox":[-18.570601,-44.196986,-18.214925,-43.81481]},{"type":"Feature","id":"qg_2021_070_areasudene.fid-b14a33a_1a0649d18bf_-50e8","geometry":null,"properties":{"cd_recorte":"07023142601","cd_sudene":"2","nm_sudene":"NÃO-Área de atuação da SUDENE","cd_mun":"3142601","nm_mun":"Monsenhor Paulo"},"bbox":[-21.813062,-45.57989,-21.64779099,-45.37932]},{"type":"Feature","id":"qg_2021_070_areasudene.fid-b14a33a_1a0649d18bf_-50e7","geometry":null,"properties":{"cd_recorte":"07023142809","cd_sudene":"2","nm_sudene":"NÃO-Área de atuação da SUDENE","cd_mun":"3142809","nm_mun":"Monte Alegre de Minas"},"bbox":[-19.103351,-49.26587,-18.523899,-48.519675]},{"type":"Feature","id":"qg_2021_070_areasudene.fid-b14a33a_1a0649d18bf_-50e6","geometry":null,"properties":{"cd_recorte":"07023143005","cd_sudene":"2","nm_sudene":"NÃO-Área de atuação da SUDENE","cd_mun":"3143005","nm_mun":"Monte Belo"},"bbox":[-21.432453,-46.445536,-21.179359,-46.201407]},{"type":"Feature","id":"qg_2021_070_areasudene.fid-b14a33a_1a0649d18bf_-50e5","geometry":null,"properties":{"cd_recorte":"07023143104","cd_sudene":"2","nm_sudene":"NÃO-Área de atuação da SUDENE","cd_mun":"3143104","nm_mun":"Monte Carmelo"},"bbox":[-18.978009,-47.726037,-18.452791,-47.270919]},{"type":"Feature","id":"qg_2021_070_areasudene.fid-b14a33a_1a0649d18bf_-50e4","geometry":null,"properties":{"cd_recorte":"07023143203","cd_sudene":"2","nm_sudene":"NÃO-Área de atuação da SUDENE","cd_mun":"3143203","nm_mun":"Monte Santo de Minas"},"bbox":[-21.357688,-47.12364782,-21.052268,-46.784891]},{"type":"Feature","id":"qg_2021_070_areasudene.fid-b14a33a_1a0649d18bf_-50e3","geometry":null,"properties":{"cd_recorte":"07023143401","cd_sudene":"2","nm_sudene":"NÃO-Área de atuação da SUDENE","cd_mun":"3143401","nm_mun":"Monte Sião"},"bbox":[-22.52280378,-46.66822297,-22.33346,-46.419334]},{"type":"Feature","id":"qg_2021_070_areasudene.fid-b14a33a_1a0649d18bf_-50e2","geometry":null,"properties":{"cd_recorte":"07023143500","cd_sudene":"2","nm_sudene":"NÃO-Área de atuação da SUDENE","cd_mun":"3143500","nm_mun":"Morada Nova de Minas"},"bbox":[-18.916289,-45.647844,-18.209508,-45.162702]},{"type":"Feature","id":"qg_2021_070_areasudene.fid-b14a33a_1a0649d18bf_-50e1","geometry":null,"properties":{"cd_recorte":"07023143609","cd_sudene":"2","nm_sudene":"NÃO-Área de atuação da SUDENE","cd_mun":"3143609","nm_mun":"Morro da Garça"},"bbox":[-18.736424,-44.821889,-18.471248,-44.447618]},{"type":"Feature","id":"qg_2021_070_areasudene.fid-b14a33a_1a0649d18bf_-50e0","geometry":null,"properties":{"cd_recorte":"07023143708","cd_sudene":"2","nm_sudene":"NÃO-Área de atuação da SUDENE","cd_mun":"3143708","nm_mun":"Morro do Pilar"},"bbox":[-19.337974,-43.53666,-19.098961,-43.272513]},{"type":"Feature","id":"qg_2021_070_areasudene.fid-b14a33a_1a0649d18bf_-50df","geometry":null,"properties":{"cd_recorte":"07023143807","cd_sudene":"2","nm_sudene":"NÃO-Área de atuação da SUDENE","cd_mun":"3143807","nm_mun":"Munhoz"},"bbox":[-22.693676,-46.42461993,-22.577377,-46.158455]},{"type":"Feature","id":"qg_2021_070_areasudene.fid-b14a33a_1a0649d18bf_-50de","geometry":null,"properties":{"cd_recorte":"07023143906","cd_sudene":"2","nm_sudene":"NÃO-Área de atuação da SUDENE","cd_mun":"3143906","nm_mun":"Muriaé"},"bbox":[-21.307548,-42.566112,-20.865153,-42.253942]},{"type":"Feature","id":"qg_2021_070_areasudene.fid-b14a33a_1a0649d18bf_-50dd","geometry":null,"properties":{"cd_recorte":"07023144102","cd_sudene":"2","nm_sudene":"NÃO-Área de atuação da SUDENE","cd_mun":"3144102","nm_mun":"Muzambinho"},"bbox":[-21.511389,-46.64887741,-21.234989,-46.400873]},{"type":"Feature","id":"qg_2021_070_areasudene.fid-b14a33a_1a0649d18bf_-50dc","geometry":null,"properties":{"cd_recorte":"07023144409","cd_sudene":"2","nm_sudene":"NÃO-Área de atuação da SUDENE","cd_mun":"3144409","nm_mun":"Natércia"},"bbox":[-22.216592,-45.622056,-22.071219,-45.362701]},{"type":"Feature","id":"qg_2021_070_areasudene.fid-b14a33a_1a0649d18bf_-50db","geometry":null,"properties":{"cd_recorte":"07023144508","cd_sudene":"2","nm_sudene":"NÃO-Área de atuação da SUDENE","cd_mun":"3144508","nm_mun":"Nazareno"},"bbox":[-21.346554,-44.732887,-21.07925,-44.46418392]},{"type":"Feature","id":"qg_2021_070_areasudene.fid-b14a33a_1a0649d18bf_-50da","geometry":null,"properties":{"cd_recorte":"07023144607","cd_sudene":"2","nm_sudene":"NÃO-Área de atuação da SUDENE","cd_mun":"3144607","nm_mun":"Nepomuceno"},"bbox":[-21.376737,-45.399468,-21.044152,-45.144164]},{"type":"Feature","id":"qg_2021_070_areasudene.fid-b14a33a_1a0649d18bf_-50d9","geometry":null,"properties":{"cd_recorte":"07023144706","cd_sudene":"2","nm_sudene":"NÃO-Área de atuação da SUDENE","cd_mun":"3144706","nm_mun":"Nova Era"},"bbox":[-19.832008,-43.110056,-19.558506,-42.907565]},{"type":"Feature","id":"qg_2021_070_areasudene.fid-b14a33a_1a0649d18bf_-50d8","geometry":null,"properties":{"cd_recorte":"07023144805","cd_sudene":"2","nm_sudene":"NÃO-Área de atuação da SUDENE","cd_mun":"3144805","nm_mun":"Nova Lima"},"bbox":[-20.22521761,-44.002286,-19.926237,-43.782982]},{"type":"Feature","id":"qg_2021_070_areasudene.fid-b14a33a_1a0649d18bf_-50d7","geometry":null,"properties":{"cd_recorte":"07023145000","cd_sudene":"2","nm_sudene":"NÃO-Área de atuação da SUDENE","cd_mun":"3145000","nm_mun":"Nova Ponte"},"bbox":[-19.572352,-47.852638,-18.922843,-47.570315]},{"type":"Feature","id":"qg_2021_070_areasudene.fid-b14a33a_1a0649d18bf_-50d5","geometry":null,"properties":{"cd_recorte":"07023145109","cd_sudene":"2","nm_sudene":"NÃO-Área de atuação da SUDENE","cd_mun":"3145109","nm_mun":"Nova Resende"},"bbox":[-21.204037,-46.55295,-20.962017,-46.286863]},{"type":"Feature","id":"qg_2021_070_areasudene.fid-b14a33a_1a0649d18bf_-50d4","geometry":null,"properties":{"cd_recorte":"07023145208","cd_sudene":"2","nm_sudene":"NÃO-Área de atuação da SUDENE","cd_mun":"3145208","nm_mun":"Nova Serrana"},"bbox":[-19.942504,-45.124929,-19.775741,-44.869329]},{"type":"Feature","id":"qg_2021_070_areasudene.fid-b14a33a_1a0649d18bf_-50d3","geometry":null,"properties":{"cd_recorte":"07023145406","cd_sudene":"2","nm_sudene":"NÃO-Área de atuação da SUDENE","cd_mun":"3145406","nm_mun":"Olaria"},"bbox":[-21.974176,-44.08947,-21.844299,-43.864561]},{"type":"Feature","id":"qg_2021_070_areasudene.fid-b14a33a_1a0649d18bf_-50d2","geometry":null,"properties":{"cd_recorte":"07023145505","cd_sudene":"2","nm_sudene":"NÃO-Área de atuação da SUDENE","cd_mun":"3145505","nm_mun":"Olímpio Noronha"},"bbox":[-22.132471,-45.339326,-22.037702,-45.235646]},{"type":"Feature","id":"qg_2021_070_areasudene.fid-b14a33a_1a0649d18bf_-50d1","geometry":null,"properties":{"cd_recorte":"07023145604","cd_sudene":"2","nm_sudene":"NÃO-Área de atuação da SUDENE","cd_mun":"3145604","nm_mun":"Oliveira"},"bbox":[-20.902874,-44.941221,-20.604786,-44.447654]},{"type":"Feature","id":"qg_2021_070_areasudene.fid-b14a33a_1a0649d18bf_-50d0","geometry":null,"properties":{"cd_recorte":"07023145703","cd_sudene":"2","nm_sudene":"NÃO-Área de atuação da SUDENE","cd_mun":"3145703","nm_mun":"Oliveira Fortes"},"bbox":[-21.37752,-43.631068,-21.280619,-43.423042]},{"type":"Feature","id":"qg_2021_070_areasudene.fid-b14a33a_1a0649d18bf_-50cf","geometry":null,"properties":{"cd_recorte":"07023145802","cd_sudene":"2","nm_sudene":"NÃO-Área de atuação da SUDENE","cd_mun":"3145802","nm_mun":"Onça de Pitangui"},"bbox":[-19.792529,-44.838488,-19.60449,-44.637294]},{"type":"Feature","id":"qg_2021_070_areasudene.fid-b14a33a_1a0649d18bf_-50ce","geometry":null,"properties":{"cd_recorte":"07023145851","cd_sudene":"2","nm_sudene":"NÃO-Área de atuação da SUDENE","cd_mun":"3145851","nm_mun":"Oratórios"},"bbox":[-20.513516,-42.840564,-20.360725,-42.744219]},{"type":"Feature","id":"qg_2021_070_areasudene.fid-b14a33a_1a0649d18bf_-50cd","geometry":null,"properties":{"cd_recorte":"07023145877","cd_sudene":"2","nm_sudene":"NÃO-Área de atuação da SUDENE","cd_mun":"3145877","nm_mun":"Orizânia"},"bbox":[-20.593256,-42.276964,-20.431234,-42.15629]},{"type":"Feature","id":"qg_2021_070_areasudene.fid-b14a33a_1a0649d18bf_-50cc","geometry":null,"properties":{"cd_recorte":"07023145901","cd_sudene":"2","nm_sudene":"NÃO-Área de atuação da SUDENE","cd_mun":"3145901","nm_mun":"Ouro Branco"},"bbox":[-20.621643,-43.79982,-20.430279,-43.580123]},{"type":"Feature","id":"qg_2021_070_areasudene.fid-b14a33a_1a0649d18bf_-50cb","geometry":null,"properties":{"cd_recorte":"07023146008","cd_sudene":"2","nm_sudene":"NÃO-Área de atuação da SUDENE","cd_mun":"3146008","nm_mun":"Ouro Fino"},"bbox":[-22.399333,-46.529434,-22.134341,-46.221764]},{"type":"Feature","id":"qg_2021_070_areasudene.fid-b14a33a_1a0649d18bf_-50ca","geometry":null,"properties":{"cd_recorte":"07023146107","cd_sudene":"2","nm_sudene":"NÃO-Área de atuação da SUDENE","cd_mun":"3146107","nm_mun":"Ouro Preto"},"bbox":[-20.632283,-43.932038,-20.16086,-43.403055]},{"type":"Feature","id":"qg_2021_070_areasudene.fid-b14a33a_1a0649d18bf_-50c9","geometry":null,"properties":{"cd_recorte":"07023146404","cd_sudene":"2","nm_sudene":"NÃO-Área de atuação da SUDENE","cd_mun":"3146404","nm_mun":"Paineiras"},"bbox":[-19.017916,-45.715584,-18.788981,-45.184326]},{"type":"Feature","id":"qg_2021_070_areasudene.fid-b14a33a_1a0649d18bf_-50c8","geometry":null,"properties":{"cd_recorte":"07023146503","cd_sudene":"2","nm_sudene":"NÃO-Área de atuação da SUDENE","cd_mun":"3146503","nm_mun":"Pains"},"bbox":[-20.507704,-45.835879,-20.288178,-45.555846]},{"type":"Feature","id":"qg_2021_070_areasudene.fid-b14a33a_1a0649d18bf_-50c7","geometry":null,"properties":{"cd_recorte":"07023146602","cd_sudene":"2","nm_sudene":"NÃO-Área de atuação da SUDENE","cd_mun":"3146602","nm_mun":"Paiva"},"bbox":[-21.336744,-43.476833,-21.247739,-43.371682]},{"type":"Feature","id":"qg_2021_070_areasudene.fid-b14a33a_1a0649d18bf_-50c6","geometry":null,"properties":{"cd_recorte":"07023146701","cd_sudene":"2","nm_sudene":"NÃO-Área de atuação da SUDENE","cd_mun":"3146701","nm_mun":"Palma"},"bbox":[-21.58274468,-42.432274,-21.300116,-42.22936503]},{"type":"Feature","id":"qg_2021_070_areasudene.fid-b14a33a_1a0649d18bf_-50c5","geometry":null,"properties":{"cd_recorte":"07023146909","cd_sudene":"2","nm_sudene":"NÃO-Área de atuação da SUDENE","cd_mun":"3146909","nm_mun":"Papagaios"},"bbox":[-19.542149,-44.87675,-19.201485,-44.524019]},{"type":"Feature","id":"qg_2021_070_areasudene.fid-b14a33a_1a0649d18bf_-50c4","geometry":null,"properties":{"cd_recorte":"07023147006","cd_sudene":"2","nm_sudene":"NÃO-Área de atuação da SUDENE","cd_mun":"3147006","nm_mun":"Paracatu"},"bbox":[-17.620425,-47.54143907,-16.596877,-46.202524]},{"type":"Feature","id":"qg_2021_070_areasudene.fid-b14a33a_1a0649d18bf_-50c3","geometry":null,"properties":{"cd_recorte":"07023147105","cd_sudene":"2","nm_sudene":"NÃO-Área de atuação da SUDENE","cd_mun":"3147105","nm_mun":"Pará de Minas"},"bbox":[-19.987442,-44.787839,-19.704197,-44.433226]},{"type":"Feature","id":"qg_2021_070_areasudene.fid-b14a33a_1a0649d18bf_-50c2","geometry":null,"properties":{"cd_recorte":"07023147204","cd_sudene":"2","nm_sudene":"NÃO-Área de atuação da SUDENE","cd_mun":"3147204","nm_mun":"Paraguaçu"},"bbox":[-21.715636,-45.863854,-21.421868,-45.656949]},{"type":"Feature","id":"qg_2021_070_areasudene.fid-b14a33a_1a0649d18bf_-50c1","geometry":null,"properties":{"cd_recorte":"07023147303","cd_sudene":"2","nm_sudene":"NÃO-Área de atuação da SUDENE","cd_mun":"3147303","nm_mun":"Paraisópolis"},"bbox":[-22.69436,-45.963393,-22.466141,-45.678505]},{"type":"Feature","id":"qg_2021_070_areasudene.fid-b14a33a_1a0649d18bf_-50c0","geometry":null,"properties":{"cd_recorte":"07023147402","cd_sudene":"2","nm_sudene":"NÃO-Área de atuação da SUDENE","cd_mun":"3147402","nm_mun":"Paraopeba"},"bbox":[-19.429458,-44.663174,-19.129966,-44.240474]},{"type":"Feature","id":"qg_2021_070_areasudene.fid-b14a33a_1a0649d18bf_-50bf","geometry":null,"properties":{"cd_recorte":"07023147501","cd_sudene":"2","nm_sudene":"NÃO-Área de atuação da SUDENE","cd_mun":"3147501","nm_mun":"Passabém"},"bbox":[-19.401972,-43.258889,-19.31767,-43.102465]},{"type":"Feature","id":"qg_2021_070_areasudene.fid-b14a33a_1a0649d18bf_-50bd","geometry":null,"properties":{"cd_recorte":"07023147600","cd_sudene":"2","nm_sudene":"NÃO-Área de atuação da SUDENE","cd_mun":"3147600","nm_mun":"Passa Quatro"},"bbox":[-22.48990835,-45.10282604,-22.31599,-44.8076736]},{"type":"Feature","id":"qg_2021_070_areasudene.fid-b14a33a_1a0649d18bf_-50bc","geometry":null,"properties":{"cd_recorte":"07023147709","cd_sudene":"2","nm_sudene":"NÃO-Área de atuação da SUDENE","cd_mun":"3147709","nm_mun":"Passa Tempo"},"bbox":[-20.786264,-44.600105,-20.513632,-44.357134]},{"type":"Feature","id":"qg_2021_070_areasudene.fid-b14a33a_1a0649d18bf_-50bb","geometry":null,"properties":{"cd_recorte":"07023147808","cd_sudene":"2","nm_sudene":"NÃO-Área de atuação da SUDENE","cd_mun":"3147808","nm_mun":"Passa Vinte"},"bbox":[-22.26811156,-44.359625,-22.06949699,-44.17936852]},{"type":"Feature","id":"qg_2021_070_areasudene.fid-b14a33a_1a0649d18bf_-50ba","geometry":null,"properties":{"cd_recorte":"07023147907","cd_sudene":"2","nm_sudene":"NÃO-Área de atuação da SUDENE","cd_mun":"3147907","nm_mun":"Passos"},"bbox":[-20.991934,-46.862607,-20.461861,-46.379556]},{"type":"Feature","id":"qg_2021_070_areasudene.fid-b14a33a_1a0649d18bf_-50b9","geometry":null,"properties":{"cd_recorte":"07023148004","cd_sudene":"2","nm_sudene":"NÃO-Área de atuação da SUDENE","cd_mun":"3148004","nm_mun":"Patos de Minas"},"bbox":[-19.01301507,-47.00504,-18.25727,-45.827594]},{"type":"Feature","id":"qg_2021_070_areasudene.fid-b14a33a_1a0649d18bf_-50b8","geometry":null,"properties":{"cd_recorte":"07023148103","cd_sudene":"2","nm_sudene":"NÃO-Área de atuação da SUDENE","cd_mun":"3148103","nm_mun":"Patrocínio"},"bbox":[-19.277463,-47.390681,-18.693174,-46.750152]},{"type":"Feature","id":"qg_2021_070_areasudene.fid-b14a33a_1a0649d18bf_-50b7","geometry":null,"properties":{"cd_recorte":"07023148202","cd_sudene":"2","nm_sudene":"NÃO-Área de atuação da SUDENE","cd_mun":"3148202","nm_mun":"Patrocínio do Muriaé"},"bbox":[-21.224364,-42.33615,-21.118615,-42.17449375]},{"type":"Feature","id":"qg_2021_070_areasudene.fid-b14a33a_1a0649d18bf_-50b6","geometry":null,"properties":{"cd_recorte":"07023148301","cd_sudene":"2","nm_sudene":"NÃO-Área de atuação da SUDENE","cd_mun":"3148301","nm_mun":"Paula Cândido"},"bbox":[-20.985815,-43.081969,-20.755192,-42.882431]},{"type":"Feature","id":"qg_2021_070_areasudene.fid-b14a33a_1a0649d18bf_-50b5","geometry":null,"properties":{"cd_recorte":"07023148756","cd_sudene":"2","nm_sudene":"NÃO-Área de atuação da SUDENE","cd_mun":"3148756","nm_mun":"Pedra Bonita"},"bbox":[-20.589135,-42.434324,-20.349914,-42.313748]},{"type":"Feature","id":"qg_2021_070_areasudene.fid-b14a33a_1a0649d18bf_-50b4","geometry":null,"properties":{"cd_recorte":"07023148806","cd_sudene":"2","nm_sudene":"NÃO-Área de atuação da SUDENE","cd_mun":"3148806","nm_mun":"Pedra do Anta"},"bbox":[-20.669897,-42.80754,-20.51948,-42.632973]},{"type":"Feature","id":"qg_2021_070_areasudene.fid-b14a33a_1a0649d18bf_-50b3","geometry":null,"properties":{"cd_recorte":"07023148905","cd_sudene":"2","nm_sudene":"NÃO-Área de atuação da SUDENE","cd_mun":"3148905","nm_mun":"Pedra do Indaiá"},"bbox":[-20.396594,-45.351301,-20.180994,-45.113399]},{"type":"Feature","id":"qg_2021_070_areasudene.fid-b14a33a_1a0649d18bf_-50b2","geometry":null,"properties":{"cd_recorte":"07023149002","cd_sudene":"2","nm_sudene":"NÃO-Área de atuação da SUDENE","cd_mun":"3149002","nm_mun":"Pedra Dourada"},"bbox":[-20.86986,-42.211291,-20.785704,-42.097356]},{"type":"Feature","id":"qg_2021_070_areasudene.fid-b14a33a_1a0649d18bf_-50b1","geometry":null,"properties":{"cd_recorte":"07023149101","cd_sudene":"2","nm_sudene":"NÃO-Área de atuação da SUDENE","cd_mun":"3149101","nm_mun":"Pedralva"},"bbox":[-22.32679,-45.557342,-22.167983,-45.363773]},{"type":"Feature","id":"qg_2021_070_areasudene.fid-b14a33a_1a0649d18bf_-50b0","geometry":null,"properties":{"cd_recorte":"07023149200","cd_sudene":"2","nm_sudene":"NÃO-Área de atuação da SUDENE","cd_mun":"3149200","nm_mun":"Pedrinópolis"},"bbox":[-19.282244,-47.646283,-19.096653,-47.3871]},{"type":"Feature","id":"qg_2021_070_areasudene.fid-b14a33a_1a0649d18bf_-50af","geometry":null,"properties":{"cd_recorte":"07023149309","cd_sudene":"2","nm_sudene":"NÃO-Área de atuação da SUDENE","cd_mun":"3149309","nm_mun":"Pedro Leopoldo"},"bbox":[-19.772731,-44.19635796,-19.484228,-43.915382]},{"type":"Feature","id":"qg_2021_070_areasudene.fid-b14a33a_1a0649d18bf_-50ae","geometry":null,"properties":{"cd_recorte":"07023149408","cd_sudene":"2","nm_sudene":"NÃO-Área de atuação da SUDENE","cd_mun":"3149408","nm_mun":"Pedro Teixeira"},"bbox":[-21.804872,-43.789577,-21.658408,-43.658356]},{"type":"Feature","id":"qg_2021_070_areasudene.fid-b14a33a_1a0649d18bf_-50ad","geometry":null,"properties":{"cd_recorte":"07023149507","cd_sudene":"2","nm_sudene":"NÃO-Área de atuação da SUDENE","cd_mun":"3149507","nm_mun":"Pequeri"},"bbox":[-21.898496,-43.188784,-21.75102899,-43.059799]},{"type":"Feature","id":"qg_2021_070_areasudene.fid-b14a33a_1a0649d18bf_-50ac","geometry":null,"properties":{"cd_recorte":"07023149606","cd_sudene":"2","nm_sudene":"NÃO-Área de atuação da SUDENE","cd_mun":"3149606","nm_mun":"Pequi"},"bbox":[-19.71241,-44.725272,-19.52619,-44.545952]},{"type":"Feature","id":"qg_2021_070_areasudene.fid-b14a33a_1a0649d18bf_-50ab","geometry":null,"properties":{"cd_recorte":"07023149705","cd_sudene":"2","nm_sudene":"NÃO-Área de atuação da SUDENE","cd_mun":"3149705","nm_mun":"Perdigão"},"bbox":[-20.014021,-45.1525328,-19.828915,-44.954876]},{"type":"Feature","id":"qg_2021_070_areasudene.fid-b14a33a_1a0649d18bf_-50aa","geometry":null,"properties":{"cd_recorte":"07023149804","cd_sudene":"2","nm_sudene":"NÃO-Área de atuação da SUDENE","cd_mun":"3149804","nm_mun":"Perdizes"},"bbox":[-19.738658,-47.466852,-19.118921,-46.836627]},{"type":"Feature","id":"qg_2021_070_areasudene.fid-b14a33a_1a0649d18bf_-50a9","geometry":null,"properties":{"cd_recorte":"07023149903","cd_sudene":"2","nm_sudene":"NÃO-Área de atuação da SUDENE","cd_mun":"3149903","nm_mun":"Perdões"},"bbox":[-21.187313,-45.189149,-20.940345,-44.937068]},{"type":"Feature","id":"qg_2021_070_areasudene.fid-b14a33a_1a0649d18bf_-50a8","geometry":null,"properties":{"cd_recorte":"07023150109","cd_sudene":"2","nm_sudene":"NÃO-Área de atuação da SUDENE","cd_mun":"3150109","nm_mun":"Piau"},"bbox":[-21.58777399,-43.419151,-21.431875,-43.201262]},{"type":"Feature","id":"qg_2021_070_areasudene.fid-b14a33a_1a0649d18bf_-50a7","geometry":null,"properties":{"cd_recorte":"07023150208","cd_sudene":"2","nm_sudene":"NÃO-Área de atuação da SUDENE","cd_mun":"3150208","nm_mun":"Piedade de Ponte Nova"},"bbox":[-20.290607,-42.780529,-20.189788,-42.663365]},{"type":"Feature","id":"qg_2021_070_areasudene.fid-b14a33a_1a0649d18bf_-50a6","geometry":null,"properties":{"cd_recorte":"07023150307","cd_sudene":"2","nm_sudene":"NÃO-Área de atuação da SUDENE","cd_mun":"3150307","nm_mun":"Piedade do Rio Grande"},"bbox":[-21.589392,-44.282607,-21.383913,-44.048497]},{"type":"Feature","id":"qg_2021_070_areasudene.fid-b14a33a_1a0649d18bf_-50a5","geometry":null,"properties":{"cd_recorte":"07023150406","cd_sudene":"2","nm_sudene":"NÃO-Área de atuação da SUDENE","cd_mun":"3150406","nm_mun":"Piedade dos Gerais"},"bbox":[-20.585506,-44.351484,-20.384365,-44.1448]},{"type":"Feature","id":"qg_2021_070_areasudene.fid-b14a33a_1a0649d18bf_-50a4","geometry":null,"properties":{"cd_recorte":"07023150505","cd_sudene":"2","nm_sudene":"NÃO-Área de atuação da SUDENE","cd_mun":"3150505","nm_mun":"Pimenta"},"bbox":[-20.66984296,-45.967629,-20.358331,-45.713091]},{"type":"Feature","id":"qg_2021_070_areasudene.fid-b14a33a_1a0649d18bf_-50a3","geometry":null,"properties":{"cd_recorte":"07023150539","cd_sudene":"2","nm_sudene":"NÃO-Área de atuação da SUDENE","cd_mun":"3150539","nm_mun":"Pingo-d'Água"},"bbox":[-19.777032,-42.483746,-19.707672,-42.362283]},{"type":"Feature","id":"qg_2021_070_areasudene.fid-b14a33a_1a0649d18bf_-50a2","geometry":null,"properties":{"cd_recorte":"07023150604","cd_sudene":"2","nm_sudene":"NÃO-Área de atuação da SUDENE","cd_mun":"3150604","nm_mun":"Piracema"},"bbox":[-20.614737,-44.544075,-20.425167,-44.29948]},{"type":"Feature","id":"qg_2021_070_areasudene.fid-b14a33a_1a0649d18bf_-50a1","geometry":null,"properties":{"cd_recorte":"07023150703","cd_sudene":"2","nm_sudene":"NÃO-Área de atuação da SUDENE","cd_mun":"3150703","nm_mun":"Pirajuba"},"bbox":[-20.040751,-48.778604,-19.846188,-48.544248]},{"type":"Feature","id":"qg_2021_070_areasudene.fid-b14a33a_1a0649d18bf_-50a0","geometry":null,"properties":{"cd_recorte":"07023150802","cd_sudene":"2","nm_sudene":"NÃO-Área de atuação da SUDENE","cd_mun":"3150802","nm_mun":"Piranga"},"bbox":[-20.756454,-43.458558,-20.494279,-43.136415]},{"type":"Feature","id":"qg_2021_070_areasudene.fid-b14a33a_1a0649d18bf_-509f","geometry":null,"properties":{"cd_recorte":"07023150901","cd_sudene":"2","nm_sudene":"NÃO-Área de atuação da SUDENE","cd_mun":"3150901","nm_mun":"Piranguçu"},"bbox":[-22.65697008,-45.585216,-22.459986,-45.423851]},{"type":"Feature","id":"qg_2021_070_areasudene.fid-b14a33a_1a0649d18bf_-509e","geometry":null,"properties":{"cd_recorte":"07023151008","cd_sudene":"2","nm_sudene":"NÃO-Área de atuação da SUDENE","cd_mun":"3151008","nm_mun":"Piranguinho"},"bbox":[-22.483765,-45.676031,-22.274147,-45.510907]},{"type":"Feature","id":"qg_2021_070_areasudene.fid-b14a33a_1a0649d18bf_-509d","geometry":null,"properties":{"cd_recorte":"07023151107","cd_sudene":"2","nm_sudene":"NÃO-Área de atuação da SUDENE","cd_mun":"3151107","nm_mun":"Pirapetinga"},"bbox":[-21.752937,-42.435201,-21.575363,-42.26493482]},{"type":"Feature","id":"qg_2021_070_areasudene.fid-b14a33a_1a0649d18bf_-509c","geometry":null,"properties":{"cd_recorte":"07023151305","cd_sudene":"2","nm_sudene":"NÃO-Área de atuação da SUDENE","cd_mun":"3151305","nm_mun":"Piraúba"},"bbox":[-21.321915,-43.118981,-21.201124,-42.926405]},{"type":"Feature","id":"qg_2021_070_areasudene.fid-b14a33a_1a0649d18bf_-509b","geometry":null,"properties":{"cd_recorte":"07023151404","cd_sudene":"2","nm_sudene":"NÃO-Área de atuação da SUDENE","cd_mun":"3151404","nm_mun":"Pitangui"},"bbox":[-19.735348,-45.011947,-19.442159,-44.748352]},{"type":"Feature","id":"qg_2021_070_areasudene.fid-b14a33a_1a0649d18bf_-509a","geometry":null,"properties":{"cd_recorte":"07023151503","cd_sudene":"2","nm_sudene":"NÃO-Área de atuação da SUDENE","cd_mun":"3151503","nm_mun":"Piumhi"},"bbox":[-20.588913,-46.292721,-20.329376,-45.82547]},{"type":"Feature","id":"qg_2021_070_areasudene.fid-b14a33a_1a0649d18bf_-5099","geometry":null,"properties":{"cd_recorte":"07023151602","cd_sudene":"2","nm_sudene":"NÃO-Área de atuação da SUDENE","cd_mun":"3151602","nm_mun":"Planura"},"bbox":[-20.16728592,-48.743877,-19.973592,-48.528501]},{"type":"Feature","id":"qg_2021_070_areasudene.fid-b14a33a_1a0649d18bf_-5098","geometry":null,"properties":{"cd_recorte":"07023151701","cd_sudene":"2","nm_sudene":"NÃO-Área de atuação da SUDENE","cd_mun":"3151701","nm_mun":"Poço Fundo"},"bbox":[-21.925164,-46.145527,-21.694962,-45.848951]},{"type":"Feature","id":"qg_2021_070_areasudene.fid-b14a33a_1a0649d18bf_-5097","geometry":null,"properties":{"cd_recorte":"07023151800","cd_sudene":"2","nm_sudene":"NÃO-Área de atuação da SUDENE","cd_mun":"3151800","nm_mun":"Poços de Caldas"},"bbox":[-21.9956075,-46.69097055,-21.64479,-46.39857251]},{"type":"Feature","id":"qg_2021_070_areasudene.fid-b14a33a_1a0649d18bf_-5096","geometry":null,"properties":{"cd_recorte":"07023151909","cd_sudene":"2","nm_sudene":"NÃO-Área de atuação da SUDENE","cd_mun":"3151909","nm_mun":"Pocrane"},"bbox":[-19.696516,-41.751472,-19.413838,-41.362357]},{"type":"Feature","id":"qg_2021_070_areasudene.fid-b14a33a_1a0649d18bf_-5095","geometry":null,"properties":{"cd_recorte":"07023152006","cd_sudene":"2","nm_sudene":"NÃO-Área de atuação da SUDENE","cd_mun":"3152006","nm_mun":"Pompéu"},"bbox":[-19.486546,-45.185924,-18.807486,-44.670014]},{"type":"Feature","id":"qg_2021_070_areasudene.fid-b14a33a_1a0649d18bf_-5094","geometry":null,"properties":{"cd_recorte":"07023152105","cd_sudene":"2","nm_sudene":"NÃO-Área de atuação da SUDENE","cd_mun":"3152105","nm_mun":"Ponte Nova"},"bbox":[-20.568597,-43.040457,-20.272898,-42.784863]},{"type":"Feature","id":"qg_2021_070_areasudene.fid-b14a33a_1a0649d18bf_-5093","geometry":null,"properties":{"cd_recorte":"07023152303","cd_sudene":"2","nm_sudene":"NÃO-Área de atuação da SUDENE","cd_mun":"3152303","nm_mun":"Porto Firme"},"bbox":[-20.770731,-43.186714,-20.561809,-42.96504]},{"type":"Feature","id":"qg_2021_070_areasudene.fid-b14a33a_1a0649d18bf_-5091","geometry":null,"properties":{"cd_recorte":"07023152501","cd_sudene":"2","nm_sudene":"NÃO-Área de atuação da SUDENE","cd_mun":"3152501","nm_mun":"Pouso Alegre"},"bbox":[-22.414588,-46.064232,-22.109678,-45.8169044]},{"type":"Feature","id":"qg_2021_070_areasudene.fid-b14a33a_1a0649d18bf_-5090","geometry":null,"properties":{"cd_recorte":"07023152600","cd_sudene":"2","nm_sudene":"NÃO-Área de atuação da SUDENE","cd_mun":"3152600","nm_mun":"Pouso Alto"},"bbox":[-22.278008,-45.05029697,-22.076132,-44.816405]},{"type":"Feature","id":"qg_2021_070_areasudene.fid-b14a33a_1a0649d18bf_-508f","geometry":null,"properties":{"cd_recorte":"07023152709","cd_sudene":"2","nm_sudene":"NÃO-Área de atuação da SUDENE","cd_mun":"3152709","nm_mun":"Prados"},"bbox":[-21.247087,-44.146196,-20.985874,-43.963797]},{"type":"Feature","id":"qg_2021_070_areasudene.fid-b14a33a_1a0649d18bf_-508e","geometry":null,"properties":{"cd_recorte":"07023152808","cd_sudene":"2","nm_sudene":"NÃO-Área de atuação da SUDENE","cd_mun":"3152808","nm_mun":"Prata"},"bbox":[-19.618998,-49.425197,-18.931966,-48.393814]},{"type":"Feature","id":"qg_2021_070_areasudene.fid-b14a33a_1a0649d18bf_-508d","geometry":null,"properties":{"cd_recorte":"07023152907","cd_sudene":"2","nm_sudene":"NÃO-Área de atuação da SUDENE","cd_mun":"3152907","nm_mun":"Pratápolis"},"bbox":[-20.885693,-46.963052,-20.681236,-46.746678]},{"type":"Feature","id":"qg_2021_070_areasudene.fid-b14a33a_1a0649d18bf_-508c","geometry":null,"properties":{"cd_recorte":"07023153004","cd_sudene":"2","nm_sudene":"NÃO-Área de atuação da SUDENE","cd_mun":"3153004","nm_mun":"Pratinha"},"bbox":[-19.884356,-46.579092,-19.641513,-46.218511]},{"type":"Feature","id":"qg_2021_070_areasudene.fid-b14a33a_1a0649d18bf_-508b","geometry":null,"properties":{"cd_recorte":"07023153103","cd_sudene":"2","nm_sudene":"NÃO-Área de atuação da SUDENE","cd_mun":"3153103","nm_mun":"Presidente Bernardes"},"bbox":[-20.847476,-43.281132,-20.707587,-43.033201]},{"type":"Feature","id":"qg_2021_070_areasudene.fid-b14a33a_1a0649d18bf_-508a","geometry":null,"properties":{"cd_recorte":"07023153202","cd_sudene":"2","nm_sudene":"NÃO-Área de atuação da SUDENE","cd_mun":"3153202","nm_mun":"Presidente Juscelino"},"bbox":[-18.920093,-44.222964,-18.506204,-43.934561]},{"type":"Feature","id":"qg_2021_070_areasudene.fid-b14a33a_1a0649d18bf_-5089","geometry":null,"properties":{"cd_recorte":"07023153301","cd_sudene":"2","nm_sudene":"NÃO-Área de atuação da SUDENE","cd_mun":"3153301","nm_mun":"Presidente Kubitschek"},"bbox":[-18.718229,-43.678319,-18.533007,-43.486318]},{"type":"Feature","id":"qg_2021_070_areasudene.fid-b14a33a_1a0649d18bf_-5088","geometry":null,"properties":{"cd_recorte":"07023153400","cd_sudene":"2","nm_sudene":"NÃO-Área de atuação da SUDENE","cd_mun":"3153400","nm_mun":"Presidente Olegário"},"bbox":[-18.596848,-46.76082,-17.72749,-46.003784]},{"type":"Feature","id":"qg_2021_070_areasudene.fid-b14a33a_1a0649d18bf_-5087","geometry":null,"properties":{"cd_recorte":"07023153509","cd_sudene":"2","nm_sudene":"NÃO-Área de atuação da SUDENE","cd_mun":"3153509","nm_mun":"Alto Jequitibá"},"bbox":[-20.50627,-42.062919,-20.370738,-41.83663793]},{"type":"Feature","id":"qg_2021_070_areasudene.fid-b14a33a_1a0649d18bf_-5086","geometry":null,"properties":{"cd_recorte":"07023153608","cd_sudene":"2","nm_sudene":"NÃO-Área de atuação da SUDENE","cd_mun":"3153608","nm_mun":"Prudente de Morais"},"bbox":[-19.53822,-44.183157,-19.400873,-44.036741]},{"type":"Feature","id":"qg_2021_070_areasudene.fid-b14a33a_1a0649d18bf_-5085","geometry":null,"properties":{"cd_recorte":"07023153707","cd_sudene":"2","nm_sudene":"NÃO-Área de atuação da SUDENE","cd_mun":"3153707","nm_mun":"Quartel Geral"},"bbox":[-19.361898,-45.851788,-19.157164,-45.319308]},{"type":"Feature","id":"qg_2021_070_areasudene.fid-b14a33a_1a0649d18bf_-5084","geometry":null,"properties":{"cd_recorte":"07023153806","cd_sudene":"2","nm_sudene":"NÃO-Área de atuação da SUDENE","cd_mun":"3153806","nm_mun":"Queluzito"},"bbox":[-20.804294,-43.970932,-20.658115,-43.80199426]},{"type":"Feature","id":"qg_2021_070_areasudene.fid-b14a33a_1a0649d18bf_-5083","geometry":null,"properties":{"cd_recorte":"07023153905","cd_sudene":"2","nm_sudene":"NÃO-Área de atuação da SUDENE","cd_mun":"3153905","nm_mun":"Raposos"},"bbox":[-20.029014,-43.840876,-19.927427,-43.722846]},{"type":"Feature","id":"qg_2021_070_areasudene.fid-b14a33a_1a0649d18bf_-5082","geometry":null,"properties":{"cd_recorte":"07023154002","cd_sudene":"2","nm_sudene":"NÃO-Área de atuação da SUDENE","cd_mun":"3154002","nm_mun":"Raul Soares"},"bbox":[-20.196075,-42.552009,-19.852013,-42.158945]},{"type":"Feature","id":"qg_2021_070_areasudene.fid-b14a33a_1a0649d18bf_-5080","geometry":null,"properties":{"cd_recorte":"07023154101","cd_sudene":"2","nm_sudene":"NÃO-Área de atuação da SUDENE","cd_mun":"3154101","nm_mun":"Recreio"},"bbox":[-21.60238699,-42.558006,-21.434283,-42.345572]},{"type":"Feature","id":"qg_2021_070_areasudene.fid-b14a33a_1a0649d18bf_-507f","geometry":null,"properties":{"cd_recorte":"07023154150","cd_sudene":"2","nm_sudene":"NÃO-Área de atuação da SUDENE","cd_mun":"3154150","nm_mun":"Reduto"},"bbox":[-20.313069,-42.005904,-20.153765,-41.872868]},{"type":"Feature","id":"qg_2021_070_areasudene.fid-b14a33a_1a0649d18bf_-507e","geometry":null,"properties":{"cd_recorte":"07023154200","cd_sudene":"2","nm_sudene":"NÃO-Área de atuação da SUDENE","cd_mun":"3154200","nm_mun":"Resende Costa"},"bbox":[-21.01668,-44.457524,-20.711118,-44.13858]},{"type":"Feature","id":"qg_2021_070_areasudene.fid-b14a33a_1a0649d18bf_-507d","geometry":null,"properties":{"cd_recorte":"07023154408","cd_sudene":"2","nm_sudene":"NÃO-Área de atuação da SUDENE","cd_mun":"3154408","nm_mun":"Ressaquinha"},"bbox":[-21.151066,-43.909556,-21.01731,-43.631275]},{"type":"Feature","id":"qg_2021_070_areasudene.fid-b14a33a_1a0649d18bf_-507c","geometry":null,"properties":{"cd_recorte":"07023154606","cd_sudene":"2","nm_sudene":"NÃO-Área de atuação da SUDENE","cd_mun":"3154606","nm_mun":"Ribeirão das Neves"},"bbox":[-19.84563657,-44.16462075,-19.7092686,-43.97530767]},{"type":"Feature","id":"qg_2021_070_areasudene.fid-b14a33a_1a0649d18bf_-507b","geometry":null,"properties":{"cd_recorte":"07023154705","cd_sudene":"2","nm_sudene":"NÃO-Área de atuação da SUDENE","cd_mun":"3154705","nm_mun":"Ribeirão Vermelho"},"bbox":[-21.196483,-45.130859,-21.103146,-45.038499]},{"type":"Feature","id":"qg_2021_070_areasudene.fid-b14a33a_1a0649d18bf_-507a","geometry":null,"properties":{"cd_recorte":"07023154804","cd_sudene":"2","nm_sudene":"NÃO-Área de atuação da SUDENE","cd_mun":"3154804","nm_mun":"Rio Acima"},"bbox":[-20.19762,-43.873482,-20.001272,-43.66053555]},{"type":"Feature","id":"qg_2021_070_areasudene.fid-b14a33a_1a0649d18bf_-5079","geometry":null,"properties":{"cd_recorte":"07023154903","cd_sudene":"2","nm_sudene":"NÃO-Área de atuação da SUDENE","cd_mun":"3154903","nm_mun":"Rio Casca"},"bbox":[-20.276721,-42.784491,-19.986165,-42.530374]},{"type":"Feature","id":"qg_2021_070_areasudene.fid-b14a33a_1a0649d18bf_-5078","geometry":null,"properties":{"cd_recorte":"07023155009","cd_sudene":"2","nm_sudene":"NÃO-Área de atuação da SUDENE","cd_mun":"3155009","nm_mun":"Rio Doce"},"bbox":[-20.280575,-42.976424,-20.144747,-42.810965]},{"type":"Feature","id":"qg_2021_070_areasudene.fid-b14a33a_1a0649d18bf_-5077","geometry":null,"properties":{"cd_recorte":"07023155207","cd_sudene":"2","nm_sudene":"NÃO-Área de atuação da SUDENE","cd_mun":"3155207","nm_mun":"Rio Espera"},"bbox":[-20.940818,-43.6188,-20.77735,-43.371531]},{"type":"Feature","id":"qg_2021_070_areasudene.fid-b14a33a_1a0649d18bf_-5076","geometry":null,"properties":{"cd_recorte":"07023155306","cd_sudene":"2","nm_sudene":"NÃO-Área de atuação da SUDENE","cd_mun":"3155306","nm_mun":"Rio Manso"},"bbox":[-20.351727,-44.447288,-20.159692,-44.259033]},{"type":"Feature","id":"qg_2021_070_areasudene.fid-b14a33a_1a0649d18bf_-5075","geometry":null,"properties":{"cd_recorte":"07023155405","cd_sudene":"2","nm_sudene":"NÃO-Área de atuação da SUDENE","cd_mun":"3155405","nm_mun":"Rio Novo"},"bbox":[-21.57100999,-43.263368,-21.391196,-43.040754]},{"type":"Feature","id":"qg_2021_070_areasudene.fid-b14a33a_1a0649d18bf_-5074","geometry":null,"properties":{"cd_recorte":"07023155504","cd_sudene":"2","nm_sudene":"NÃO-Área de atuação da SUDENE","cd_mun":"3155504","nm_mun":"Rio Paranaíba"},"bbox":[-19.446848,-46.541484,-19.047494,-46.081641]},{"type":"Feature","id":"qg_2021_070_areasudene.fid-b14a33a_1a0649d18bf_-5073","geometry":null,"properties":{"cd_recorte":"07023155702","cd_sudene":"2","nm_sudene":"NÃO-Área de atuação da SUDENE","cd_mun":"3155702","nm_mun":"Rio Piracicaba"},"bbox":[-20.064484,-43.290176,-19.858061,-43.022499]},{"type":"Feature","id":"qg_2021_070_areasudene.fid-b14a33a_1a0649d18bf_-5071","geometry":null,"properties":{"cd_recorte":"07023155801","cd_sudene":"2","nm_sudene":"NÃO-Área de atuação da SUDENE","cd_mun":"3155801","nm_mun":"Rio Pomba"},"bbox":[-21.352364,-43.272626,-21.115143,-43.073003]},{"type":"Feature","id":"qg_2021_070_areasudene.fid-b14a33a_1a0649d18bf_-5070","geometry":null,"properties":{"cd_recorte":"07023155900","cd_sudene":"2","nm_sudene":"NÃO-Área de atuação da SUDENE","cd_mun":"3155900","nm_mun":"Rio Preto"},"bbox":[-22.14639878,-44.004114,-21.953527,-43.7084836]},{"type":"Feature","id":"qg_2021_070_areasudene.fid-b14a33a_1a0649d18bf_-506f","geometry":null,"properties":{"cd_recorte":"07023156106","cd_sudene":"2","nm_sudene":"NÃO-Área de atuação da SUDENE","cd_mun":"3156106","nm_mun":"Ritápolis"},"bbox":[-21.095019,-44.492697,-20.857692,-44.257175]},{"type":"Feature","id":"qg_2021_070_areasudene.fid-b14a33a_1a0649d18bf_-506e","geometry":null,"properties":{"cd_recorte":"07023156205","cd_sudene":"2","nm_sudene":"NÃO-Área de atuação da SUDENE","cd_mun":"3156205","nm_mun":"Rochedo de Minas"},"bbox":[-21.69614099,-43.091513,-21.584813,-42.977254]},{"type":"Feature","id":"qg_2021_070_areasudene.fid-b14a33a_1a0649d18bf_-506d","geometry":null,"properties":{"cd_recorte":"07023156304","cd_sudene":"2","nm_sudene":"NÃO-Área de atuação da SUDENE","cd_mun":"3156304","nm_mun":"Rodeiro"},"bbox":[-21.270183,-42.899664,-21.156872,-42.799306]},{"type":"Feature","id":"qg_2021_070_areasudene.fid-b14a33a_1a0649d18bf_-506c","geometry":null,"properties":{"cd_recorte":"07023156403","cd_sudene":"2","nm_sudene":"NÃO-Área de atuação da SUDENE","cd_mun":"3156403","nm_mun":"Romaria"},"bbox":[-19.016188,-47.670458,-18.797463,-47.424256]},{"type":"Feature","id":"qg_2021_070_areasudene.fid-b14a33a_1a0649d18bf_-506b","geometry":null,"properties":{"cd_recorte":"07023156452","cd_sudene":"2","nm_sudene":"NÃO-Área de atuação da SUDENE","cd_mun":"3156452","nm_mun":"Rosário da Limeira"},"bbox":[-21.043982,-42.582046,-20.922062,-42.423196]},{"type":"Feature","id":"qg_2021_070_areasudene.fid-b14a33a_1a0649d18bf_-506a","geometry":null,"properties":{"cd_recorte":"07023156700","cd_sudene":"2","nm_sudene":"NÃO-Área de atuação da SUDENE","cd_mun":"3156700","nm_mun":"Sabará"},"bbox":[-19.967222,-43.90977989,-19.724682,-43.67421]},{"type":"Feature","id":"qg_2021_070_areasudene.fid-b14a33a_1a0649d18bf_-5069","geometry":null,"properties":{"cd_recorte":"07023156908","cd_sudene":"2","nm_sudene":"NÃO-Área de atuação da SUDENE","cd_mun":"3156908","nm_mun":"Sacramento"},"bbox":[-20.286918,-47.634289,-19.425096,-46.81054]},{"type":"Feature","id":"qg_2021_070_areasudene.fid-b14a33a_1a0649d18bf_-5067","geometry":null,"properties":{"cd_recorte":"07023157203","cd_sudene":"2","nm_sudene":"NÃO-Área de atuação da SUDENE","cd_mun":"3157203","nm_mun":"Santa Bárbara"},"bbox":[-20.217795,-43.695173,-19.889362,-43.210633]},{"type":"Feature","id":"qg_2021_070_areasudene.fid-b14a33a_1a0649d18bf_-5066","geometry":null,"properties":{"cd_recorte":"07023157278","cd_sudene":"2","nm_sudene":"NÃO-Área de atuação da SUDENE","cd_mun":"3157278","nm_mun":"Santa Bárbara do Monte Verde"},"bbox":[-22.09044902,-43.860125,-21.833333,-43.576377]},{"type":"Feature","id":"qg_2021_070_areasudene.fid-b14a33a_1a0649d18bf_-5065","geometry":null,"properties":{"cd_recorte":"07023157302","cd_sudene":"2","nm_sudene":"NÃO-Área de atuação da SUDENE","cd_mun":"3157302","nm_mun":"Santa Bárbara do Tugúrio"},"bbox":[-21.32072,-43.611067,-21.166465,-43.43536]},{"type":"Feature","id":"qg_2021_070_areasudene.fid-b14a33a_1a0649d18bf_-5064","geometry":null,"properties":{"cd_recorte":"07023157336","cd_sudene":"2","nm_sudene":"NÃO-Área de atuação da SUDENE","cd_mun":"3157336","nm_mun":"Santa Cruz de Minas"},"bbox":[-21.12850316,-44.23593635,-21.11373373,-44.198827]},{"type":"Feature","id":"qg_2021_070_areasudene.fid-b14a33a_1a0649d18bf_-5063","geometry":null,"properties":{"cd_recorte":"07023157401","cd_sudene":"2","nm_sudene":"NÃO-Área de atuação da SUDENE","cd_mun":"3157401","nm_mun":"Santa Cruz do Escalvado"},"bbox":[-20.336722,-42.92001,-20.121428,-42.707269]},{"type":"Feature","id":"qg_2021_070_areasudene.fid-b14a33a_1a0649d18bf_-5062","geometry":null,"properties":{"cd_recorte":"07023157708","cd_sudene":"2","nm_sudene":"NÃO-Área de atuação da SUDENE","cd_mun":"3157708","nm_mun":"Santa Juliana"},"bbox":[-19.562617,-47.655901,-19.196455,-47.354039]},{"type":"Feature","id":"qg_2021_070_areasudene.fid-b14a33a_1a0649d18bf_-5061","geometry":null,"properties":{"cd_recorte":"07023157807","cd_sudene":"2","nm_sudene":"NÃO-Área de atuação da SUDENE","cd_mun":"3157807","nm_mun":"Santa Luzia"},"bbox":[-19.84753356,-43.94834247,-19.60583,-43.753627]},{"type":"Feature","id":"qg_2021_070_areasudene.fid-b14a33a_1a0649d18bf_-5060","geometry":null,"properties":{"cd_recorte":"07023157906","cd_sudene":"2","nm_sudene":"NÃO-Área de atuação da SUDENE","cd_mun":"3157906","nm_mun":"Santa Margarida"},"bbox":[-20.555,-42.346914,-20.322086,-42.179337]},{"type":"Feature","id":"qg_2021_070_areasudene.fid-b14a33a_1a0649d18bf_-505f","geometry":null,"properties":{"cd_recorte":"07023158003","cd_sudene":"2","nm_sudene":"NÃO-Área de atuação da SUDENE","cd_mun":"3158003","nm_mun":"Santa Maria de Itabira"},"bbox":[-19.577813,-43.232161,-19.284545,-42.871202]},{"type":"Feature","id":"qg_2021_070_areasudene.fid-b14a33a_1a0649d18bf_-505e","geometry":null,"properties":{"cd_recorte":"07023158300","cd_sudene":"2","nm_sudene":"NÃO-Área de atuação da SUDENE","cd_mun":"3158300","nm_mun":"Santana da Vargem"},"bbox":[-21.320608,-45.610139,-21.198619,-45.377804]},{"type":"Feature","id":"qg_2021_070_areasudene.fid-b14a33a_1a0649d18bf_-505d","geometry":null,"properties":{"cd_recorte":"07023158409","cd_sudene":"2","nm_sudene":"NÃO-Área de atuação da SUDENE","cd_mun":"3158409","nm_mun":"Santana de Cataguases"},"bbox":[-21.354173,-42.629606,-21.201176,-42.462926]},{"type":"Feature","id":"qg_2021_070_areasudene.fid-b14a33a_1a0649d18bf_-505c","geometry":null,"properties":{"cd_recorte":"07023158508","cd_sudene":"2","nm_sudene":"NÃO-Área de atuação da SUDENE","cd_mun":"3158508","nm_mun":"Santana de Pirapama"},"bbox":[-19.147735,-44.121677,-18.628507,-43.71346]},{"type":"Feature","id":"qg_2021_070_areasudene.fid-b14a33a_1a0649d18bf_-505b","geometry":null,"properties":{"cd_recorte":"07023158607","cd_sudene":"2","nm_sudene":"NÃO-Área de atuação da SUDENE","cd_mun":"3158607","nm_mun":"Santana do Deserto"},"bbox":[-22.03746088,-43.254273,-21.84110799,-43.107013]},{"type":"Feature","id":"qg_2021_070_areasudene.fid-b14a33a_1a0649d18bf_-505a","geometry":null,"properties":{"cd_recorte":"07023158706","cd_sudene":"2","nm_sudene":"NÃO-Área de atuação da SUDENE","cd_mun":"3158706","nm_mun":"Santana do Garambéu"},"bbox":[-21.730487,-44.166957,-21.54396,-43.947673]},{"type":"Feature","id":"qg_2021_070_areasudene.fid-b14a33a_1a0649d18bf_-5059","geometry":null,"properties":{"cd_recorte":"07023158805","cd_sudene":"2","nm_sudene":"NÃO-Área de atuação da SUDENE","cd_mun":"3158805","nm_mun":"Santana do Jacaré"},"bbox":[-20.950847,-45.143243,-20.809273,-44.997134]},{"type":"Feature","id":"qg_2021_070_areasudene.fid-b14a33a_1a0649d18bf_-5058","geometry":null,"properties":{"cd_recorte":"07023158904","cd_sudene":"2","nm_sudene":"NÃO-Área de atuação da SUDENE","cd_mun":"3158904","nm_mun":"Santana do Manhuaçu"},"bbox":[-20.174968,-41.987578,-19.925107,-41.797935]},{"type":"Feature","id":"qg_2021_070_areasudene.fid-b14a33a_1a0649d18bf_-5057","geometry":null,"properties":{"cd_recorte":"07023158953","cd_sudene":"2","nm_sudene":"NÃO-Área de atuação da SUDENE","cd_mun":"3158953","nm_mun":"Santana do Paraíso"},"bbox":[-19.49340216,-42.677609,-19.289767,-42.4092]},{"type":"Feature","id":"qg_2021_070_areasudene.fid-b14a33a_1a0649d18bf_-5056","geometry":null,"properties":{"cd_recorte":"07023159001","cd_sudene":"2","nm_sudene":"NÃO-Área de atuação da SUDENE","cd_mun":"3159001","nm_mun":"Santana do Riacho"},"bbox":[-19.348132,-43.789056,-19.016208,-43.497679]},{"type":"Feature","id":"qg_2021_070_areasudene.fid-b14a33a_1a0649d18bf_-5055","geometry":null,"properties":{"cd_recorte":"07023159100","cd_sudene":"2","nm_sudene":"NÃO-Área de atuação da SUDENE","cd_mun":"3159100","nm_mun":"Santana dos Montes"},"bbox":[-20.857165,-43.773028,-20.719115,-43.552745]},{"type":"Feature","id":"qg_2021_070_areasudene.fid-b14a33a_1a0649d18bf_-5054","geometry":null,"properties":{"cd_recorte":"07023159209","cd_sudene":"2","nm_sudene":"NÃO-Área de atuação da SUDENE","cd_mun":"3159209","nm_mun":"Santa Rita de Caldas"},"bbox":[-22.165909,-46.432261,-21.873255,-46.089658]},{"type":"Feature","id":"qg_2021_070_areasudene.fid-b14a33a_1a0649d18bf_-5053","geometry":null,"properties":{"cd_recorte":"07023159308","cd_sudene":"2","nm_sudene":"NÃO-Área de atuação da SUDENE","cd_mun":"3159308","nm_mun":"Santa Rita de Jacutinga"},"bbox":[-22.23324621,-44.222965,-21.99233,-43.935915]},{"type":"Feature","id":"qg_2021_070_areasudene.fid-b14a33a_1a0649d18bf_-5052","geometry":null,"properties":{"cd_recorte":"07023159407","cd_sudene":"2","nm_sudene":"NÃO-Área de atuação da SUDENE","cd_mun":"3159407","nm_mun":"Santa Rita de Ibitipoca"},"bbox":[-21.68433,-44.091297,-21.494128,-43.813745]},{"type":"Feature","id":"qg_2021_070_areasudene.fid-b14a33a_1a0649d18bf_-5051","geometry":null,"properties":{"cd_recorte":"07023159605","cd_sudene":"2","nm_sudene":"NÃO-Área de atuação da SUDENE","cd_mun":"3159605","nm_mun":"Santa Rita do Sapucaí"},"bbox":[-22.32223,-45.85469,-22.1578,-45.518309]},{"type":"Feature","id":"qg_2021_070_areasudene.fid-b14a33a_1a0649d18bf_-5050","geometry":null,"properties":{"cd_recorte":"07023159704","cd_sudene":"2","nm_sudene":"NÃO-Área de atuação da SUDENE","cd_mun":"3159704","nm_mun":"Santa Rosa da Serra"},"bbox":[-19.656724,-46.140576,-19.456728,-45.884186]},{"type":"Feature","id":"qg_2021_070_areasudene.fid-b14a33a_1a0649d18bf_-504f","geometry":null,"properties":{"cd_recorte":"07023159803","cd_sudene":"2","nm_sudene":"NÃO-Área de atuação da SUDENE","cd_mun":"3159803","nm_mun":"Santa Vitória"},"bbox":[-19.292068,-50.74087546,-18.66428057,-49.957171]},{"type":"Feature","id":"qg_2021_070_areasudene.fid-b14a33a_1a0649d18bf_-504e","geometry":null,"properties":{"cd_recorte":"07023159902","cd_sudene":"2","nm_sudene":"NÃO-Área de atuação da SUDENE","cd_mun":"3159902","nm_mun":"Santo Antônio do Amparo"},"bbox":[-21.043645,-45.075918,-20.791603,-44.799711]},{"type":"Feature","id":"qg_2021_070_areasudene.fid-b14a33a_1a0649d18bf_-504d","geometry":null,"properties":{"cd_recorte":"07023160009","cd_sudene":"2","nm_sudene":"NÃO-Área de atuação da SUDENE","cd_mun":"3160009","nm_mun":"Santo Antônio do Aventureiro"},"bbox":[-21.849878,-42.894445,-21.64942499,-42.728797]},{"type":"Feature","id":"qg_2021_070_areasudene.fid-b14a33a_1a0649d18bf_-504c","geometry":null,"properties":{"cd_recorte":"07023160108","cd_sudene":"2","nm_sudene":"NÃO-Área de atuação da SUDENE","cd_mun":"3160108","nm_mun":"Santo Antônio do Grama"},"bbox":[-20.379565,-42.689162,-20.262668,-42.540252]},{"type":"Feature","id":"qg_2021_070_areasudene.fid-b14a33a_1a0649d18bf_-504b","geometry":null,"properties":{"cd_recorte":"07023160405","cd_sudene":"2","nm_sudene":"NÃO-Área de atuação da SUDENE","cd_mun":"3160405","nm_mun":"Santo Antônio do Monte"},"bbox":[-20.333615,-45.507771,-19.854045,-45.045273]},{"type":"Feature","id":"qg_2021_070_areasudene.fid-b14a33a_1a0649d18bf_-504a","geometry":null,"properties":{"cd_recorte":"07023160504","cd_sudene":"2","nm_sudene":"NÃO-Área de atuação da SUDENE","cd_mun":"3160504","nm_mun":"Santo Antônio do Rio Abaixo"},"bbox":[-19.299372,-43.307023,-19.17211,-43.185312]},{"type":"Feature","id":"qg_2021_070_areasudene.fid-b14a33a_1a0649d18bf_-5049","geometry":null,"properties":{"cd_recorte":"07023160603","cd_sudene":"2","nm_sudene":"NÃO-Área de atuação da SUDENE","cd_mun":"3160603","nm_mun":"Santo Hipólito"},"bbox":[-18.56059,-44.318854,-18.223908,-44.007056]},{"type":"Feature","id":"qg_2021_070_areasudene.fid-b14a33a_1a0649d18bf_-5048","geometry":null,"properties":{"cd_recorte":"07023160702","cd_sudene":"2","nm_sudene":"NÃO-Área de atuação da SUDENE","cd_mun":"3160702","nm_mun":"Santos Dumont"},"bbox":[-21.60837599,-43.709656,-21.354952,-43.29359]},{"type":"Feature","id":"qg_2021_070_areasudene.fid-b14a33a_1a0649d18bf_-5047","geometry":null,"properties":{"cd_recorte":"07023160801","cd_sudene":"2","nm_sudene":"NÃO-Área de atuação da SUDENE","cd_mun":"3160801","nm_mun":"São Bento Abade"},"bbox":[-21.633794,-45.113137,-21.49736,-45.027068]},{"type":"Feature","id":"qg_2021_070_areasudene.fid-b14a33a_1a0649d18bf_-5046","geometry":null,"properties":{"cd_recorte":"07023160900","cd_sudene":"2","nm_sudene":"NÃO-Área de atuação da SUDENE","cd_mun":"3160900","nm_mun":"São Brás do Suaçuí"},"bbox":[-20.691677,-44.043214,-20.565023,-43.906238]},{"type":"Feature","id":"qg_2021_070_areasudene.fid-b14a33a_1a0649d18bf_-5045","geometry":null,"properties":{"cd_recorte":"07023161007","cd_sudene":"2","nm_sudene":"NÃO-Área de atuação da SUDENE","cd_mun":"3161007","nm_mun":"São Domingos do Prata"},"bbox":[-20.046305,-43.069707,-19.711535,-42.728424]},{"type":"Feature","id":"qg_2021_070_areasudene.fid-b14a33a_1a0649d18bf_-5043","geometry":null,"properties":{"cd_recorte":"07023161205","cd_sudene":"2","nm_sudene":"NÃO-Área de atuação da SUDENE","cd_mun":"3161205","nm_mun":"São Francisco de Paula"},"bbox":[-20.818932,-45.085318,-20.570346,-44.902496]},{"type":"Feature","id":"qg_2021_070_areasudene.fid-b14a33a_1a0649d18bf_-5042","geometry":null,"properties":{"cd_recorte":"07023161304","cd_sudene":"2","nm_sudene":"NÃO-Área de atuação da SUDENE","cd_mun":"3161304","nm_mun":"São Francisco de Sales"},"bbox":[-19.94682497,-50.10622041,-19.602643,-49.630306]},{"type":"Feature","id":"qg_2021_070_areasudene.fid-b14a33a_1a0649d18bf_-5041","geometry":null,"properties":{"cd_recorte":"07023161403","cd_sudene":"2","nm_sudene":"NÃO-Área de atuação da SUDENE","cd_mun":"3161403","nm_mun":"São Francisco do Glória"},"bbox":[-20.863371,-42.362141,-20.704463,-42.20132]},{"type":"Feature","id":"qg_2021_070_areasudene.fid-b14a33a_1a0649d18bf_-5040","geometry":null,"properties":{"cd_recorte":"07023161502","cd_sudene":"2","nm_sudene":"NÃO-Área de atuação da SUDENE","cd_mun":"3161502","nm_mun":"São Geraldo"},"bbox":[-20.971941,-42.948714,-20.845853,-42.720672]},{"type":"Feature","id":"qg_2021_070_areasudene.fid-b14a33a_1a0649d18bf_-503f","geometry":null,"properties":{"cd_recorte":"07023161700","cd_sudene":"2","nm_sudene":"NÃO-Área de atuação da SUDENE","cd_mun":"3161700","nm_mun":"São Gonçalo do Abaeté"},"bbox":[-18.507412,-46.009734,-17.847132,-45.179946]},{"type":"Feature","id":"qg_2021_070_areasudene.fid-b14a33a_1a0649d18bf_-503e","geometry":null,"properties":{"cd_recorte":"07023161809","cd_sudene":"2","nm_sudene":"NÃO-Área de atuação da SUDENE","cd_mun":"3161809","nm_mun":"São Gonçalo do Pará"},"bbox":[-20.09036,-44.917005,-19.854816,-44.741986]},{"type":"Feature","id":"qg_2021_070_areasudene.fid-b14a33a_1a0649d18bf_-503d","geometry":null,"properties":{"cd_recorte":"07023161908","cd_sudene":"2","nm_sudene":"NÃO-Área de atuação da SUDENE","cd_mun":"3161908","nm_mun":"São Gonçalo do Rio Abaixo"},"bbox":[-19.923313,-43.434921,-19.671673,-43.193092]},{"type":"Feature","id":"qg_2021_070_areasudene.fid-b14a33a_1a0649d18bf_-503c","geometry":null,"properties":{"cd_recorte":"07023162005","cd_sudene":"2","nm_sudene":"NÃO-Área de atuação da SUDENE","cd_mun":"3162005","nm_mun":"São Gonçalo do Sapucaí"},"bbox":[-22.018847,-45.745902,-21.789082,-45.436238]},{"type":"Feature","id":"qg_2021_070_areasudene.fid-b14a33a_1a0649d18bf_-503b","geometry":null,"properties":{"cd_recorte":"07023162104","cd_sudene":"2","nm_sudene":"NÃO-Área de atuação da SUDENE","cd_mun":"3162104","nm_mun":"São Gotardo"},"bbox":[-19.556032,-46.155457,-19.17666,-45.80386]},{"type":"Feature","id":"qg_2021_070_areasudene.fid-b14a33a_1a0649d18bf_-503a","geometry":null,"properties":{"cd_recorte":"07023162203","cd_sudene":"2","nm_sudene":"NÃO-Área de atuação da SUDENE","cd_mun":"3162203","nm_mun":"São João Batista do Glória"},"bbox":[-20.691383,-46.597592,-20.377764,-46.275297]},{"type":"Feature","id":"qg_2021_070_areasudene.fid-b14a33a_1a0649d18bf_-5039","geometry":null,"properties":{"cd_recorte":"07023162302","cd_sudene":"2","nm_sudene":"NÃO-Área de atuação da SUDENE","cd_mun":"3162302","nm_mun":"São João da Mata"},"bbox":[-22.022398,-46.03209,-21.87416,-45.847825]},{"type":"Feature","id":"qg_2021_070_areasudene.fid-b14a33a_1a0649d18bf_-5038","geometry":null,"properties":{"cd_recorte":"07023162500","cd_sudene":"2","nm_sudene":"NÃO-Área de atuação da SUDENE","cd_mun":"3162500","nm_mun":"São João del Rei"},"bbox":[-21.435375,-44.574829,-21.040523,-43.988225]},{"type":"Feature","id":"qg_2021_070_areasudene.fid-b14a33a_1a0649d18bf_-5037","geometry":null,"properties":{"cd_recorte":"07023162559","cd_sudene":"2","nm_sudene":"NÃO-Área de atuação da SUDENE","cd_mun":"3162559","nm_mun":"São João do Manhuaçu"},"bbox":[-20.469343,-42.206365,-20.287737,-42.088726]},{"type":"Feature","id":"qg_2021_070_areasudene.fid-b14a33a_1a0649d18bf_-5036","geometry":null,"properties":{"cd_recorte":"07023162609","cd_sudene":"2","nm_sudene":"NÃO-Área de atuação da SUDENE","cd_mun":"3162609","nm_mun":"São João do Oriente"},"bbox":[-19.438014,-42.22832,-19.263467,-42.111402]},{"type":"Feature","id":"qg_2021_070_areasudene.fid-b14a33a_1a0649d18bf_-5035","geometry":null,"properties":{"cd_recorte":"07023162906","cd_sudene":"2","nm_sudene":"NÃO-Área de atuação da SUDENE","cd_mun":"3162906","nm_mun":"São João Nepomuceno"},"bbox":[-21.69469,-43.179366,-21.480565,-42.846703]},{"type":"Feature","id":"qg_2021_070_areasudene.fid-b14a33a_1a0649d18bf_-5034","geometry":null,"properties":{"cd_recorte":"07023162922","cd_sudene":"2","nm_sudene":"NÃO-Área de atuação da SUDENE","cd_mun":"3162922","nm_mun":"São Joaquim de Bicas"},"bbox":[-20.125208,-44.29192884,-19.99999299,-44.196264]},{"type":"Feature","id":"qg_2021_070_areasudene.fid-b14a33a_1a0649d18bf_-5033","geometry":null,"properties":{"cd_recorte":"07023162948","cd_sudene":"2","nm_sudene":"NÃO-Área de atuação da SUDENE","cd_mun":"3162948","nm_mun":"São José da Barra"},"bbox":[-20.867687,-46.357934,-20.652649,-46.128895]},{"type":"Feature","id":"qg_2021_070_areasudene.fid-b14a33a_1a0649d18bf_-5032","geometry":null,"properties":{"cd_recorte":"07023162955","cd_sudene":"2","nm_sudene":"NÃO-Área de atuação da SUDENE","cd_mun":"3162955","nm_mun":"São José da Lapa"},"bbox":[-19.73658,-44.041493,-19.65570143,-43.935487]},{"type":"Feature","id":"qg_2021_070_areasudene.fid-b14a33a_1a0649d18bf_-5031","geometry":null,"properties":{"cd_recorte":"07023163102","cd_sudene":"2","nm_sudene":"NÃO-Área de atuação da SUDENE","cd_mun":"3163102","nm_mun":"São José da Varginha"},"bbox":[-19.795447,-44.641004,-19.60373,-44.477551]},{"type":"Feature","id":"qg_2021_070_areasudene.fid-b14a33a_1a0649d18bf_-5030","geometry":null,"properties":{"cd_recorte":"07023163201","cd_sudene":"2","nm_sudene":"NÃO-Área de atuação da SUDENE","cd_mun":"3163201","nm_mun":"São José do Alegre"},"bbox":[-22.378411,-45.577187,-22.262981,-45.444173]},{"type":"Feature","id":"qg_2021_070_areasudene.fid-b14a33a_1a0649d18bf_-502f","geometry":null,"properties":{"cd_recorte":"07023163409","cd_sudene":"2","nm_sudene":"NÃO-Área de atuação da SUDENE","cd_mun":"3163409","nm_mun":"São José do Goiabal"},"bbox":[-20.016267,-42.781858,-19.859115,-42.551502]},{"type":"Feature","id":"qg_2021_070_areasudene.fid-b14a33a_1a0649d18bf_-502e","geometry":null,"properties":{"cd_recorte":"07023163607","cd_sudene":"2","nm_sudene":"NÃO-Área de atuação da SUDENE","cd_mun":"3163607","nm_mun":"São José do Mantimento"},"bbox":[-20.067178,-41.813102,-19.983137,-41.717403]},{"type":"Feature","id":"qg_2021_070_areasudene.fid-b14a33a_1a0649d18bf_-502d","geometry":null,"properties":{"cd_recorte":"07023163706","cd_sudene":"2","nm_sudene":"NÃO-Área de atuação da SUDENE","cd_mun":"3163706","nm_mun":"São Lourenço"},"bbox":[-22.15439348,-45.08907763,-22.07490656,-44.9810659]},{"type":"Feature","id":"qg_2021_070_areasudene.fid-b14a33a_1a0649d18bf_-502c","geometry":null,"properties":{"cd_recorte":"07023163805","cd_sudene":"2","nm_sudene":"NÃO-Área de atuação da SUDENE","cd_mun":"3163805","nm_mun":"São Miguel do Anta"},"bbox":[-20.839309,-42.793615,-20.65412,-42.630367]},{"type":"Feature","id":"qg_2021_070_areasudene.fid-b14a33a_1a0649d18bf_-502b","geometry":null,"properties":{"cd_recorte":"07023163904","cd_sudene":"2","nm_sudene":"NÃO-Área de atuação da SUDENE","cd_mun":"3163904","nm_mun":"São Pedro da União"},"bbox":[-21.198493,-46.78256,-21.010726,-46.539198]},{"type":"Feature","id":"qg_2021_070_areasudene.fid-b14a33a_1a0649d18bf_-502a","geometry":null,"properties":{"cd_recorte":"07023164001","cd_sudene":"2","nm_sudene":"NÃO-Área de atuação da SUDENE","cd_mun":"3164001","nm_mun":"São Pedro dos Ferros"},"bbox":[-20.26345,-42.655818,-19.886012,-42.477548]},{"type":"Feature","id":"qg_2021_070_areasudene.fid-b14a33a_1a0649d18bf_-5029","geometry":null,"properties":{"cd_recorte":"07023164308","cd_sudene":"2","nm_sudene":"NÃO-Área de atuação da SUDENE","cd_mun":"3164308","nm_mun":"São Roque de Minas"},"bbox":[-20.39135,-46.93085,-19.969376,-46.076053]},{"type":"Feature","id":"qg_2021_070_areasudene.fid-b14a33a_1a0649d18bf_-5028","geometry":null,"properties":{"cd_recorte":"07023164407","cd_sudene":"2","nm_sudene":"NÃO-Área de atuação da SUDENE","cd_mun":"3164407","nm_mun":"São Sebastião da Bela Vista"},"bbox":[-22.23642836,-45.87788644,-22.094711,-45.664875]},{"type":"Feature","id":"qg_2021_070_areasudene.fid-b14a33a_1a0649d18bf_-5027","geometry":null,"properties":{"cd_recorte":"07023164431","cd_sudene":"2","nm_sudene":"NÃO-Área de atuação da SUDENE","cd_mun":"3164431","nm_mun":"São Sebastião da Vargem Alegre"},"bbox":[-21.077682,-42.658526,-20.953096,-42.546599]},{"type":"Feature","id":"qg_2021_070_areasudene.fid-b14a33a_1a0649d18bf_-5026","geometry":null,"properties":{"cd_recorte":"07023164605","cd_sudene":"2","nm_sudene":"NÃO-Área de atuação da SUDENE","cd_mun":"3164605","nm_mun":"São Sebastião do Oeste"},"bbox":[-20.384139,-45.156873,-20.122856,-44.904381]},{"type":"Feature","id":"qg_2021_070_areasudene.fid-b14a33a_1a0649d18bf_-5025","geometry":null,"properties":{"cd_recorte":"07023164704","cd_sudene":"2","nm_sudene":"NÃO-Área de atuação da SUDENE","cd_mun":"3164704","nm_mun":"São Sebastião do Paraíso"},"bbox":[-21.073239,-47.24004426,-20.731331,-46.798106]},{"type":"Feature","id":"qg_2021_070_areasudene.fid-b14a33a_1a0649d18bf_-5024","geometry":null,"properties":{"cd_recorte":"07023164803","cd_sudene":"2","nm_sudene":"NÃO-Área de atuação da SUDENE","cd_mun":"3164803","nm_mun":"São Sebastião do Rio Preto"},"bbox":[-19.356689,-43.350941,-19.233279,-43.125251]},{"type":"Feature","id":"qg_2021_070_areasudene.fid-b14a33a_1a0649d18bf_-5023","geometry":null,"properties":{"cd_recorte":"07023164902","cd_sudene":"2","nm_sudene":"NÃO-Área de atuação da SUDENE","cd_mun":"3164902","nm_mun":"São Sebastião do Rio Verde"},"bbox":[-22.27973,-45.080412,-22.14291649,-44.960793]},{"type":"Feature","id":"qg_2021_070_areasudene.fid-b14a33a_1a0649d18bf_-5022","geometry":null,"properties":{"cd_recorte":"07023165008","cd_sudene":"2","nm_sudene":"NÃO-Área de atuação da SUDENE","cd_mun":"3165008","nm_mun":"São Tiago"},"bbox":[-21.102836,-44.70914,-20.786264,-44.441069]},{"type":"Feature","id":"qg_2021_070_areasudene.fid-b14a33a_1a0649d18bf_-5021","geometry":null,"properties":{"cd_recorte":"07023165107","cd_sudene":"2","nm_sudene":"NÃO-Área de atuação da SUDENE","cd_mun":"3165107","nm_mun":"São Tomás de Aquino"},"bbox":[-20.879217,-47.22692766,-20.68204134,-47.028515]},{"type":"Feature","id":"qg_2021_070_areasudene.fid-b14a33a_1a0649d18bf_-5020","geometry":null,"properties":{"cd_recorte":"07023165206","cd_sudene":"2","nm_sudene":"NÃO-Área de atuação da SUDENE","cd_mun":"3165206","nm_mun":"São Tomé das Letras"},"bbox":[-21.852967,-45.067557,-21.627741,-44.854458]},{"type":"Feature","id":"qg_2021_070_areasudene.fid-b14a33a_1a0649d18bf_-501f","geometry":null,"properties":{"cd_recorte":"07023165305","cd_sudene":"2","nm_sudene":"NÃO-Área de atuação da SUDENE","cd_mun":"3165305","nm_mun":"São Vicente de Minas"},"bbox":[-21.799861,-44.586669,-21.517847,-44.341847]},{"type":"Feature","id":"qg_2021_070_areasudene.fid-b14a33a_1a0649d18bf_-501e","geometry":null,"properties":{"cd_recorte":"07023165404","cd_sudene":"2","nm_sudene":"NÃO-Área de atuação da SUDENE","cd_mun":"3165404","nm_mun":"Sapucaí-Mirim"},"bbox":[-22.876006,-45.972224,-22.716632,-45.71181885]},{"type":"Feature","id":"qg_2021_070_areasudene.fid-b14a33a_1a0649d18bf_-501d","geometry":null,"properties":{"cd_recorte":"07023165537","cd_sudene":"2","nm_sudene":"NÃO-Área de atuação da SUDENE","cd_mun":"3165537","nm_mun":"Sarzedo"},"bbox":[-20.098924,-44.181153,-20.01742999,-44.064263]},{"type":"Feature","id":"qg_2021_070_areasudene.fid-b14a33a_1a0649d18bf_-501c","geometry":null,"properties":{"cd_recorte":"07023165560","cd_sudene":"2","nm_sudene":"NÃO-Área de atuação da SUDENE","cd_mun":"3165560","nm_mun":"Sem-Peixe"},"bbox":[-20.156176,-42.905716,-20.007557,-42.74196]},{"type":"Feature","id":"qg_2021_070_areasudene.fid-b14a33a_1a0649d18bf_-501b","geometry":null,"properties":{"cd_recorte":"07023165578","cd_sudene":"2","nm_sudene":"NÃO-Área de atuação da SUDENE","cd_mun":"3165578","nm_mun":"Senador Amaral"},"bbox":[-22.615715,-46.302218,-22.500592,-46.136706]},{"type":"Feature","id":"qg_2021_070_areasudene.fid-b14a33a_1a0649d18bf_-501a","geometry":null,"properties":{"cd_recorte":"07023165602","cd_sudene":"2","nm_sudene":"NÃO-Área de atuação da SUDENE","cd_mun":"3165602","nm_mun":"Senador Cortes"},"bbox":[-21.832673,-42.967685,-21.688811,-42.849733]},{"type":"Feature","id":"qg_2021_070_areasudene.fid-b14a33a_1a0649d18bf_-5019","geometry":null,"properties":{"cd_recorte":"07023165701","cd_sudene":"2","nm_sudene":"NÃO-Área de atuação da SUDENE","cd_mun":"3165701","nm_mun":"Senador Firmino"},"bbox":[-20.982357,-43.173232,-20.815804,-43.034387]},{"type":"Feature","id":"qg_2021_070_areasudene.fid-b14a33a_1a0649d18bf_-5018","geometry":null,"properties":{"cd_recorte":"07023165800","cd_sudene":"2","nm_sudene":"NÃO-Área de atuação da SUDENE","cd_mun":"3165800","nm_mun":"Senador José Bento"},"bbox":[-22.218486,-46.19944,-22.09431,-46.095766]},{"type":"Feature","id":"qg_2021_070_areasudene.fid-b14a33a_1a0649d18bf_-5017","geometry":null,"properties":{"cd_recorte":"07023166006","cd_sudene":"2","nm_sudene":"NÃO-Área de atuação da SUDENE","cd_mun":"3166006","nm_mun":"Senhora de Oliveira"},"bbox":[-20.879786,-43.433629,-20.738104,-43.266389]},{"type":"Feature","id":"qg_2021_070_areasudene.fid-b14a33a_1a0649d18bf_-5016","geometry":null,"properties":{"cd_recorte":"07023166204","cd_sudene":"2","nm_sudene":"NÃO-Área de atuação da SUDENE","cd_mun":"3166204","nm_mun":"Senhora dos Remédios"},"bbox":[-21.131914,-43.715027,-20.949372,-43.510215]},{"type":"Feature","id":"qg_2021_070_areasudene.fid-b14a33a_1a0649d18bf_-5015","geometry":null,"properties":{"cd_recorte":"07023166303","cd_sudene":"2","nm_sudene":"NÃO-Área de atuação da SUDENE","cd_mun":"3166303","nm_mun":"Sericita"},"bbox":[-20.581618,-42.531006,-20.406772,-42.385574]},{"type":"Feature","id":"qg_2021_070_areasudene.fid-b14a33a_1a0649d18bf_-5014","geometry":null,"properties":{"cd_recorte":"07023166402","cd_sudene":"2","nm_sudene":"NÃO-Área de atuação da SUDENE","cd_mun":"3166402","nm_mun":"Seritinga"},"bbox":[-21.969239,-44.566707,-21.86555499,-44.379317]},{"type":"Feature","id":"qg_2021_070_areasudene.fid-b14a33a_1a0649d18bf_-5013","geometry":null,"properties":{"cd_recorte":"07023166600","cd_sudene":"2","nm_sudene":"NÃO-Área de atuação da SUDENE","cd_mun":"3166600","nm_mun":"Serra da Saudade"},"bbox":[-19.491737,-45.900654,-19.261208,-45.657195]},{"type":"Feature","id":"qg_2021_070_areasudene.fid-b14a33a_1a0649d18bf_-5012","geometry":null,"properties":{"cd_recorte":"07023166808","cd_sudene":"2","nm_sudene":"NÃO-Área de atuação da SUDENE","cd_mun":"3166808","nm_mun":"Serra do Salitre"},"bbox":[-19.337405,-46.957546,-18.916105,-46.411565]},{"type":"Feature","id":"qg_2021_070_areasudene.fid-b14a33a_1a0649d18bf_-5011","geometry":null,"properties":{"cd_recorte":"07023166907","cd_sudene":"2","nm_sudene":"NÃO-Área de atuação da SUDENE","cd_mun":"3166907","nm_mun":"Serrania"},"bbox":[-21.652481,-46.192254,-21.489426,-45.980614]},{"type":"Feature","id":"qg_2021_070_areasudene.fid-b14a33a_1a0649d18bf_-5010","geometry":null,"properties":{"cd_recorte":"07023167004","cd_sudene":"2","nm_sudene":"NÃO-Área de atuação da SUDENE","cd_mun":"3167004","nm_mun":"Serranos"},"bbox":[-21.90691,-44.6458,-21.748789,-44.438314]},{"type":"Feature","id":"qg_2021_070_areasudene.fid-b14a33a_1a0649d18bf_-500f","geometry":null,"properties":{"cd_recorte":"07023167202","cd_sudene":"2","nm_sudene":"NÃO-Área de atuação da SUDENE","cd_mun":"3167202","nm_mun":"Sete Lagoas"},"bbox":[-19.599608,-44.45989,-19.292681,-44.127746]},{"type":"Feature","id":"qg_2021_070_areasudene.fid-b14a33a_1a0649d18bf_-500d","geometry":null,"properties":{"cd_recorte":"07023167301","cd_sudene":"2","nm_sudene":"NÃO-Área de atuação da SUDENE","cd_mun":"3167301","nm_mun":"Silveirânia"},"bbox":[-21.223354,-43.275774,-21.067963,-43.128617]},{"type":"Feature","id":"qg_2021_070_areasudene.fid-b14a33a_1a0649d18bf_-500c","geometry":null,"properties":{"cd_recorte":"07023167400","cd_sudene":"2","nm_sudene":"NÃO-Área de atuação da SUDENE","cd_mun":"3167400","nm_mun":"Silvianópolis"},"bbox":[-22.118976,-45.929097,-21.953826,-45.677599]},{"type":"Feature","id":"qg_2021_070_areasudene.fid-b14a33a_1a0649d18bf_-500b","geometry":null,"properties":{"cd_recorte":"07023167509","cd_sudene":"2","nm_sudene":"NÃO-Área de atuação da SUDENE","cd_mun":"3167509","nm_mun":"Simão Pereira"},"bbox":[-22.02875093,-43.372859,-21.90011799,-43.217919]},{"type":"Feature","id":"qg_2021_070_areasudene.fid-b14a33a_1a0649d18bf_-500a","geometry":null,"properties":{"cd_recorte":"07023167608","cd_sudene":"2","nm_sudene":"NÃO-Área de atuação da SUDENE","cd_mun":"3167608","nm_mun":"Simonésia"},"bbox":[-20.171606,-42.125562,-19.828153,-41.800296]},{"type":"Feature","id":"qg_2021_070_areasudene.fid-b14a33a_1a0649d18bf_-5009","geometry":null,"properties":{"cd_recorte":"07023167806","cd_sudene":"2","nm_sudene":"NÃO-Área de atuação da SUDENE","cd_mun":"3167806","nm_mun":"Soledade de Minas"},"bbox":[-22.11171734,-45.136015,-21.94876199,-44.9398]},{"type":"Feature","id":"qg_2021_070_areasudene.fid-b14a33a_1a0649d18bf_-5008","geometry":null,"properties":{"cd_recorte":"07023167905","cd_sudene":"2","nm_sudene":"NÃO-Área de atuação da SUDENE","cd_mun":"3167905","nm_mun":"Tabuleiro"},"bbox":[-21.439299,-43.352862,-21.278374,-43.158493]},{"type":"Feature","id":"qg_2021_070_areasudene.fid-b14a33a_1a0649d18bf_-5007","geometry":null,"properties":{"cd_recorte":"07023168101","cd_sudene":"2","nm_sudene":"NÃO-Área de atuação da SUDENE","cd_mun":"3168101","nm_mun":"Tapira"},"bbox":[-20.052683,-47.188014,-19.773675,-46.59953]},{"type":"Feature","id":"qg_2021_070_areasudene.fid-b14a33a_1a0649d18bf_-5006","geometry":null,"properties":{"cd_recorte":"07023168200","cd_sudene":"2","nm_sudene":"NÃO-Área de atuação da SUDENE","cd_mun":"3168200","nm_mun":"Tapiraí"},"bbox":[-19.964408,-46.336025,-19.783939,-45.988303]},{"type":"Feature","id":"qg_2021_070_areasudene.fid-b14a33a_1a0649d18bf_-5005","geometry":null,"properties":{"cd_recorte":"07023168309","cd_sudene":"2","nm_sudene":"NÃO-Área de atuação da SUDENE","cd_mun":"3168309","nm_mun":"Taquaraçu de Minas"},"bbox":[-19.746602,-43.784636,-19.513693,-43.574747]},{"type":"Feature","id":"qg_2021_070_areasudene.fid-b14a33a_1a0649d18bf_-5004","geometry":null,"properties":{"cd_recorte":"07023168507","cd_sudene":"2","nm_sudene":"NÃO-Área de atuação da SUDENE","cd_mun":"3168507","nm_mun":"Teixeiras"},"bbox":[-20.695173,-42.947347,-20.557941,-42.764402]},{"type":"Feature","id":"qg_2021_070_areasudene.fid-b14a33a_1a0649d18bf_-5003","geometry":null,"properties":{"cd_recorte":"07023168705","cd_sudene":"2","nm_sudene":"NÃO-Área de atuação da SUDENE","cd_mun":"3168705","nm_mun":"Timóteo"},"bbox":[-19.615617,-42.709448,-19.49200152,-42.500893]},{"type":"Feature","id":"qg_2021_070_areasudene.fid-b14a33a_1a0649d18bf_-5002","geometry":null,"properties":{"cd_recorte":"07023168804","cd_sudene":"2","nm_sudene":"NÃO-Área de atuação da SUDENE","cd_mun":"3168804","nm_mun":"Tiradentes"},"bbox":[-21.178786,-44.224489,-21.052357,-44.091914]},{"type":"Feature","id":"qg_2021_070_areasudene.fid-b14a33a_1a0649d18bf_-5001","geometry":null,"properties":{"cd_recorte":"07023168903","cd_sudene":"2","nm_sudene":"NÃO-Área de atuação da SUDENE","cd_mun":"3168903","nm_mun":"Tiros"},"bbox":[-19.207117,-46.057836,-18.46702,-45.615493]},{"type":"Feature","id":"qg_2021_070_areasudene.fid-b14a33a_1a0649d18bf_-4fff","geometry":null,"properties":{"cd_recorte":"07023169000","cd_sudene":"2","nm_sudene":"NÃO-Área de atuação da SUDENE","cd_mun":"3169000","nm_mun":"Tocantins"},"bbox":[-21.256978,-43.119817,-21.106809,-42.92292]},{"type":"Feature","id":"qg_2021_070_areasudene.fid-b14a33a_1a0649d18bf_-4ffe","geometry":null,"properties":{"cd_recorte":"07023169059","cd_sudene":"2","nm_sudene":"NÃO-Área de atuação da SUDENE","cd_mun":"3169059","nm_mun":"Tocos do Moji"},"bbox":[-22.409355,-46.244671,-22.305285,-46.049329]},{"type":"Feature","id":"qg_2021_070_areasudene.fid-b14a33a_1a0649d18bf_-4ffd","geometry":null,"properties":{"cd_recorte":"07023169109","cd_sudene":"2","nm_sudene":"NÃO-Área de atuação da SUDENE","cd_mun":"3169109","nm_mun":"Toledo"},"bbox":[-22.7661158,-46.48063661,-22.649512,-46.298833]},{"type":"Feature","id":"qg_2021_070_areasudene.fid-b14a33a_1a0649d18bf_-4ffc","geometry":null,"properties":{"cd_recorte":"07023169208","cd_sudene":"2","nm_sudene":"NÃO-Área de atuação da SUDENE","cd_mun":"3169208","nm_mun":"Tombos"},"bbox":[-20.977164,-42.187343,-20.805018,-41.92973805]},{"type":"Feature","id":"qg_2021_070_areasudene.fid-b14a33a_1a0649d18bf_-4ffb","geometry":null,"properties":{"cd_recorte":"07023169307","cd_sudene":"2","nm_sudene":"NÃO-Área de atuação da SUDENE","cd_mun":"3169307","nm_mun":"Três Corações"},"bbox":[-21.867677,-45.41746,-21.528499,-45.030324]},{"type":"Feature","id":"qg_2021_070_areasudene.fid-b14a33a_1a0649d18bf_-4ffa","geometry":null,"properties":{"cd_recorte":"07023169356","cd_sudene":"2","nm_sudene":"NÃO-Área de atuação da SUDENE","cd_mun":"3169356","nm_mun":"Três Marias"},"bbox":[-18.667329,-45.361697,-17.930781,-44.730135]},{"type":"Feature","id":"qg_2021_070_areasudene.fid-b14a33a_1a0649d18bf_-4ff9","geometry":null,"properties":{"cd_recorte":"07023169406","cd_sudene":"2","nm_sudene":"NÃO-Área de atuação da SUDENE","cd_mun":"3169406","nm_mun":"Três Pontas"},"bbox":[-21.51525699,-45.700985,-21.295508,-45.272309]},{"type":"Feature","id":"qg_2021_070_areasudene.fid-b14a33a_1a0649d18bf_-4ff8","geometry":null,"properties":{"cd_recorte":"07023169604","cd_sudene":"2","nm_sudene":"NÃO-Área de atuação da SUDENE","cd_mun":"3169604","nm_mun":"Tupaciguara"},"bbox":[-18.839952,-49.05376202,-18.30545401,-48.498021]},{"type":"Feature","id":"qg_2021_070_areasudene.fid-b14a33a_1a0649d18bf_-4ff7","geometry":null,"properties":{"cd_recorte":"07023169802","cd_sudene":"2","nm_sudene":"NÃO-Área de atuação da SUDENE","cd_mun":"3169802","nm_mun":"Turvolândia"},"bbox":[-21.97062,-45.875347,-21.788814,-45.71153]},{"type":"Feature","id":"qg_2021_070_areasudene.fid-b14a33a_1a0649d18bf_-4ff6","geometry":null,"properties":{"cd_recorte":"07023169901","cd_sudene":"2","nm_sudene":"NÃO-Área de atuação da SUDENE","cd_mun":"3169901","nm_mun":"Ubá"},"bbox":[-21.267382,-43.106966,-20.955255,-42.845636]},{"type":"Feature","id":"qg_2021_070_areasudene.fid-b14a33a_1a0649d18bf_-4ff5","geometry":null,"properties":{"cd_recorte":"07023170107","cd_sudene":"2","nm_sudene":"NÃO-Área de atuação da SUDENE","cd_mun":"3170107","nm_mun":"Uberaba"},"bbox":[-20.12567453,-48.355213,-19.08313,-47.58247907]},{"type":"Feature","id":"qg_2021_070_areasudene.fid-b14a33a_1a0649d18bf_-4ff4","geometry":null,"properties":{"cd_recorte":"07023170206","cd_sudene":"2","nm_sudene":"NÃO-Área de atuação da SUDENE","cd_mun":"3170206","nm_mun":"Uberlândia"},"bbox":[-19.416499,-48.823554,-18.593071,-47.902937]},{"type":"Feature","id":"qg_2021_070_areasudene.fid-b14a33a_1a0649d18bf_-4ff3","geometry":null,"properties":{"cd_recorte":"07023170404","cd_sudene":"2","nm_sudene":"NÃO-Área de atuação da SUDENE","cd_mun":"3170404","nm_mun":"Unaí"},"bbox":[-16.983621,-47.46017499,-15.789156,-46.205045]},{"type":"Feature","id":"qg_2021_070_areasudene.fid-b14a33a_1a0649d18bf_-4ff1","geometry":null,"properties":{"cd_recorte":"07023170438","cd_sudene":"2","nm_sudene":"NÃO-Área de atuação da SUDENE","cd_mun":"3170438","nm_mun":"União de Minas"},"bbox":[-19.593043,-50.517169,-19.222303,-50.170642]},{"type":"Feature","id":"qg_2021_070_areasudene.fid-b14a33a_1a0649d18bf_-4ff0","geometry":null,"properties":{"cd_recorte":"07023170503","cd_sudene":"2","nm_sudene":"NÃO-Área de atuação da SUDENE","cd_mun":"3170503","nm_mun":"Urucânia"},"bbox":[-20.397531,-42.806802,-20.267674,-42.641439]},{"type":"Feature","id":"qg_2021_070_areasudene.fid-b14a33a_1a0649d18bf_-4fef","geometry":null,"properties":{"cd_recorte":"07023170578","cd_sudene":"2","nm_sudene":"NÃO-Área de atuação da SUDENE","cd_mun":"3170578","nm_mun":"Vargem Alegre"},"bbox":[-19.669309,-42.400885,-19.538211,-42.263026]},{"type":"Feature","id":"qg_2021_070_areasudene.fid-b14a33a_1a0649d18bf_-4fee","geometry":null,"properties":{"cd_recorte":"07023170602","cd_sudene":"2","nm_sudene":"NÃO-Área de atuação da SUDENE","cd_mun":"3170602","nm_mun":"Vargem Bonita"},"bbox":[-20.560153,-46.473647,-20.318891,-46.208536]},{"type":"Feature","id":"qg_2021_070_areasudene.fid-b14a33a_1a0649d18bf_-4fed","geometry":null,"properties":{"cd_recorte":"07023170701","cd_sudene":"2","nm_sudene":"NÃO-Área de atuação da SUDENE","cd_mun":"3170701","nm_mun":"Varginha"},"bbox":[-21.68422099,-45.548685,-21.45888899,-45.251313]},{"type":"Feature","id":"qg_2021_070_areasudene.fid-b14a33a_1a0649d18bf_-4fec","geometry":null,"properties":{"cd_recorte":"07023170750","cd_sudene":"2","nm_sudene":"NÃO-Área de atuação da SUDENE","cd_mun":"3170750","nm_mun":"Varjão de Minas"},"bbox":[-18.59584,-46.109659,-18.325976,-45.74779]},{"type":"Feature","id":"qg_2021_070_areasudene.fid-b14a33a_1a0649d18bf_-4feb","geometry":null,"properties":{"cd_recorte":"07023171006","cd_sudene":"2","nm_sudene":"NÃO-Área de atuação da SUDENE","cd_mun":"3171006","nm_mun":"Vazante"},"bbox":[-18.227247,-47.183216,-17.497685,-46.574334]},{"type":"Feature","id":"qg_2021_070_areasudene.fid-b14a33a_1a0649d18bf_-4fea","geometry":null,"properties":{"cd_recorte":"07023171105","cd_sudene":"2","nm_sudene":"NÃO-Área de atuação da SUDENE","cd_mun":"3171105","nm_mun":"Veríssimo"},"bbox":[-19.824308,-48.545834,-19.408759,-48.146339]},{"type":"Feature","id":"qg_2021_070_areasudene.fid-b14a33a_1a0649d18bf_-4fe9","geometry":null,"properties":{"cd_recorte":"07023171154","cd_sudene":"2","nm_sudene":"NÃO-Área de atuação da SUDENE","cd_mun":"3171154","nm_mun":"Vermelho Novo"},"bbox":[-20.090168,-42.324109,-19.965009,-42.195687]},{"type":"Feature","id":"qg_2021_070_areasudene.fid-b14a33a_1a0649d18bf_-4fe8","geometry":null,"properties":{"cd_recorte":"07023171204","cd_sudene":"2","nm_sudene":"NÃO-Área de atuação da SUDENE","cd_mun":"3171204","nm_mun":"Vespasiano"},"bbox":[-19.79164449,-44.01049882,-19.66990226,-43.885319]},{"type":"Feature","id":"qg_2021_070_areasudene.fid-b14a33a_1a0649d18bf_-4fe7","geometry":null,"properties":{"cd_recorte":"07023171303","cd_sudene":"2","nm_sudene":"NÃO-Área de atuação da SUDENE","cd_mun":"3171303","nm_mun":"Viçosa"},"bbox":[-20.838979,-43.004866,-20.654733,-42.753575]},{"type":"Feature","id":"qg_2021_070_areasudene.fid-b14a33a_1a0649d18bf_-4fe5","geometry":null,"properties":{"cd_recorte":"07023171402","cd_sudene":"2","nm_sudene":"NÃO-Área de atuação da SUDENE","cd_mun":"3171402","nm_mun":"Vieiras"},"bbox":[-21.000167,-42.349192,-20.822277,-42.200493]},{"type":"Feature","id":"qg_2021_070_areasudene.fid-b14a33a_1a0649d18bf_-4fe4","geometry":null,"properties":{"cd_recorte":"07023171709","cd_sudene":"2","nm_sudene":"NÃO-Área de atuação da SUDENE","cd_mun":"3171709","nm_mun":"Virgínia"},"bbox":[-22.459398,-45.223084,-22.231438,-45.008982]},{"type":"Feature","id":"qg_2021_070_areasudene.fid-b14a33a_1a0649d18bf_-4fe3","geometry":null,"properties":{"cd_recorte":"07023172004","cd_sudene":"2","nm_sudene":"NÃO-Área de atuação da SUDENE","cd_mun":"3172004","nm_mun":"Visconde do Rio Branco"},"bbox":[-21.112044,-42.947441,-20.933251,-42.747949]},{"type":"Feature","id":"qg_2021_070_areasudene.fid-b14a33a_1a0649d18bf_-4fe2","geometry":null,"properties":{"cd_recorte":"07023172103","cd_sudene":"2","nm_sudene":"NÃO-Área de atuação da SUDENE","cd_mun":"3172103","nm_mun":"Volta Grande"},"bbox":[-21.84638167,-42.65565,-21.68032899,-42.46324309]},{"type":"Feature","id":"qg_2021_070_areasudene.fid-b14a33a_1a0649d18bf_-4fe1","geometry":null,"properties":{"cd_recorte":"07023172202","cd_sudene":"2","nm_sudene":"NÃO-Área de atuação da SUDENE","cd_mun":"3172202","nm_mun":"Wenceslau Braz"},"bbox":[-22.62127535,-45.48037716,-22.467212,-45.337031]}],"totalFeatures":853,"numberMatched":853,"numberReturned":853,"timeStamp":"2026-09-03T00:15:24.572Z","crs":null}